"subregion","long","lat","group","order"
"South Island",173.115341186523,-41.279296875,1108,69562
"South Island",173.230865478516,-41.2841796875,1108,69563
"South Island",173.337799072266,-41.2109375,1108,69564
"South Island",173.447265625,-41.1513671875,1108,69565
"South Island",173.5625,-41.10205078125,1108,69566
"South Island",173.737899780273,-40.9889640808105,1108,69567
"South Island",173.783798217773,-40.9723625183105,1108,69568
"South Island",173.897552490234,-40.9507827758789,1108,69569
"South Island",173.947174072266,-40.9241218566895,1108,69570
"South Island",174.00244140625,-40.9177742004395,1108,69571
"South Island",173.952835083008,-40.98486328125,1108,69572
"South Island",173.889846801758,-41.0072250366211,1108,69573
"South Island",173.8798828125,-41.0314445495605,1108,69574
"South Island",173.915145874023,-41.0701179504395,1108,69575
"South Island",173.8603515625,-41.1244163513184,1108,69576
"South Island",173.862396240234,-41.1920890808105,1108,69577
"South Island",173.7978515625,-41.27197265625,1108,69578
"South Island",173.897064208984,-41.2393531799316,1108,69579
"South Island",173.933410644531,-41.1873054504395,1108,69580
"South Island",173.914642333984,-41.1580047607422,1108,69581
"South Island",173.957626342773,-41.0999031066895,1108,69582
"South Island",174.024032592773,-41.072265625,1108,69583
"South Island",173.99755859375,-41.0281257629395,1108,69584
"South Island",173.999404907227,-40.9932632446289,1108,69585
"South Island",174.08056640625,-41.0061492919922,1108,69586
"South Island",174.121185302734,-41.0046882629395,1108,69587
"South Island",174.153228759766,-40.9909210205078,1108,69588
"South Island",174.211822509766,-40.9854469299316,1108,69589
"South Island",174.223815917969,-41.0244140625,1108,69590
"South Island",174.302536010742,-41.01953125,1108,69591
"South Island",174.27392578125,-41.0687484741211,1108,69592
"South Island",174.213668823242,-41.1255874633789,1108,69593
"South Island",174.199508666992,-41.16015625,1108,69594
"South Island",174.103118896484,-41.2173843383789,1108,69595
"South Island",174.03857421875,-41.2418937683105,1108,69596
"South Island",174.138092041016,-41.2482414245605,1108,69597
"South Island",174.283584594727,-41.1715812683105,1108,69598
"South Island",174.3701171875,-41.1037101745605,1108,69599
"South Island",174.367568969727,-41.1883811950684,1108,69600
"South Island",174.297256469727,-41.2642555236816,1108,69601
"South Island",174.237121582031,-41.3122062683105,1108,69602
"South Island",174.169540405273,-41.3270492553711,1108,69603
"South Island",174.10205078125,-41.3659172058105,1108,69604
"South Island",174.0693359375,-41.4294929504395,1108,69605
"South Island",174.072937011719,-41.4716796875,1108,69606
"South Island",174.092376708984,-41.5051727294922,1108,69607
"South Island",174.1611328125,-41.5618171691895,1108,69608
"South Island",174.083694458008,-41.6707992553711,1108,69609
"South Island",174.169921875,-41.6572265625,1108,69610
"South Island",174.217086791992,-41.677734375,1108,69611
"South Island",174.283111572266,-41.7406234741211,1108,69612
"South Island",174.243362426758,-41.8130874633789,1108,69613
"South Island",174.215438842773,-41.8501930236816,1108,69614
"South Island",174.047256469727,-42.0030250549316,1108,69615
"South Island",173.973922729492,-42.08056640625,1108,69616
"South Island",173.887985229492,-42.1301727294922,1108,69617
"South Island",173.88916015625,-42.2116203308105,1108,69618
"South Island",173.83984375,-42.2709007263184,1108,69619
"South Island",173.589263916016,-42.4739227294922,1108,69620
"South Island",173.545120239258,-42.5179672241211,1108,69621
"South Island",173.347564697266,-42.8408203125,1108,69622
"South Island",173.22119140625,-42.9765625,1108,69623
"South Island",173.148834228516,-43.0227546691895,1108,69624
"South Island",173.072357177734,-43.0602531433105,1108,69625
"South Island",172.888870239258,-43.1242179870605,1108,69626
"South Island",172.808013916016,-43.19775390625,1108,69627
"South Island",172.718551635742,-43.2587890625,1108,69628
"South Island",172.6240234375,-43.2724609375,1108,69629
"South Island",172.626953125,-43.2995147705078,1108,69630
"South Island",172.6875,-43.3146476745605,1108,69631
"South Island",172.734756469727,-43.3547859191895,1108,69632
"South Island",172.69970703125,-43.3997077941895,1108,69633
"South Island",172.632232666016,-43.4279289245605,1108,69634
"South Island",172.562194824219,-43.43603515625,1108,69635
"South Island",172.526657104492,-43.4647445678711,1108,69636
"South Island",172.693450927734,-43.4443359375,1108,69637
"South Island",172.740432739258,-43.4678688049316,1108,69638
"South Island",172.749206542969,-43.5172882080078,1108,69639
"South Island",172.7666015625,-43.5619163513184,1108,69640
"South Island",172.807037353516,-43.6209945678711,1108,69641
"South Island",172.947265625,-43.6585922241211,1108,69642
"South Island",173.0732421875,-43.6761703491211,1108,69643
"South Island",173.098037719727,-43.7035140991211,1108,69644
"South Island",173.116897583008,-43.7978515625,1108,69645
"South Island",173.093948364258,-43.8441429138184,1108,69646
"South Island",173.065628051758,-43.8746070861816,1108,69647
"South Island",173.023330688477,-43.8854484558105,1108,69648
"South Island",172.920608520508,-43.8914070129395,1108,69649
"South Island",172.817672729492,-43.8701171875,1108,69650
"South Island",172.749328613281,-43.8130836486816,1108,69651
"South Island",172.5546875,-43.8313484191895,1108,69652
"South Island",172.502731323242,-43.8436546325684,1108,69653
"South Island",172.475982666016,-43.8333969116211,1108,69654
"South Island",172.583786010742,-43.7735366821289,1108,69655
"South Island",172.527252197266,-43.7394523620605,1108,69656
"South Island",172.480377197266,-43.7266578674316,1108,69657
"South Island",172.4296875,-43.7464828491211,1108,69658
"South Island",172.395599365234,-43.77783203125,1108,69659
"South Island",172.38525390625,-43.82958984375,1108,69660
"South Island",172.350387573242,-43.859375,1108,69661
"South Island",172.296569824219,-43.8678703308105,1108,69662
"South Island",172.220703125,-43.8250007629395,1108,69663
"South Island",172.145812988281,-43.7635726928711,1108,69664
"South Island",172.035537719727,-43.7017555236816,1108,69665
"South Island",172.05224609375,-43.7400398254395,1108,69666
"South Island",172.13720703125,-43.8337860107422,1108,69667
"South Island",172.179779052734,-43.89599609375,1108,69668
"South Island",172.080749511719,-43.9456062316895,1108,69669
"South Island",171.977630615234,-43.9842758178711,1108,69670
"South Island",171.890625,-44.0069313049316,1108,69671
"South Island",171.808395385742,-44.0422859191895,1108,69672
"South Island",171.712005615234,-44.0974617004395,1108,69673
"South Island",171.658981323242,-44.1171875,1108,69674
"South Island",171.517776489258,-44.1183586120605,1108,69675
"South Island",171.442581176758,-44.1358375549316,1108,69676
"South Island",171.41748046875,-44.2086906433105,1108,69677
"South Island",171.364562988281,-44.2549819946289,1108,69678
"South Island",171.24072265625,-44.26416015625,1108,69679
"South Island",171.285354614258,-44.2787094116211,1108,69680
"South Island",171.31298828125,-44.3018569946289,1108,69681
"South Island",171.231048583984,-44.5211906433105,1108,69682
"South Island",171.213088989258,-44.6122055053711,1108,69683
"South Island",171.197860717773,-44.7678718566895,1108,69684
"South Island",171.146286010742,-44.9123039245605,1108,69685
"South Island",170.9990234375,-44.9114265441895,1108,69686
"South Island",171.022857666016,-44.93701171875,1108,69687
"South Island",171.134170532227,-44.9777336120605,1108,69688
"South Island",171.11328125,-45.0392570495605,1108,69689
"South Island",170.99072265625,-45.1514625549316,1108,69690
"South Island",170.939651489258,-45.2164039611816,1108,69691
"South Island",170.889938354492,-45.3739280700684,1108,69692
"South Island",170.815231323242,-45.5191383361816,1108,69693
"South Island",170.700576782227,-45.6842765808105,1108,69694
"South Island",170.69970703125,-45.7139625549316,1108,69695
"South Island",170.739837646484,-45.7560539245605,1108,69696
"South Island",170.788467407227,-45.79248046875,1108,69697
"South Island",170.791213989258,-45.8438453674316,1108,69698
"South Island",170.776275634766,-45.8708992004395,1108,69699
"South Island",170.721786499023,-45.8780288696289,1108,69700
"South Island",170.674209594727,-45.8957023620605,1108,69701
"South Island",170.419128417969,-45.9410171508789,1108,69702
"South Island",170.33544921875,-45.9917945861816,1108,69703
"South Island",170.266799926758,-46.0826187133789,1108,69704
"South Island",170.186126708984,-46.1608390808105,1108,69705
"South Island",169.918258666992,-46.3343734741211,1108,69706
"South Island",169.7607421875,-46.4797859191895,1108,69707
"South Island",169.729110717773,-46.5213890075684,1108,69708
"South Island",169.686630249023,-46.5516586303711,1108,69709
"South Island",169.34228515625,-46.6205062866211,1108,69710
"South Island",169.0986328125,-46.6306648254395,1108,69711
"South Island",168.9658203125,-46.6129875183105,1108,69712
"South Island",168.837799072266,-46.5782241821289,1108,69713
"South Island",168.766799926758,-46.5663108825684,1108,69714
"South Island",168.631439208984,-46.5875968933105,1108,69715
"South Island",168.572265625,-46.6110343933105,1108,69716
"South Island",168.466415405273,-46.587890625,1108,69717
"South Island",168.382125854492,-46.6053733825684,1108,69718
"South Island",168.357223510742,-46.58837890625,1108,69719
"South Island",168.32568359375,-46.5457038879395,1108,69720
"South Island",168.343078613281,-46.4890594482422,1108,69721
"South Island",168.319732666016,-46.4471664428711,1108,69722
"South Island",168.266204833984,-46.4187507629395,1108,69723
"South Island",168.230270385742,-46.3857421875,1108,69724
"South Island",168.189163208008,-46.3622055053711,1108,69725
"South Island",168.077346801758,-46.3529281616211,1108,69726
"South Island",167.900390625,-46.3677749633789,1108,69727
"South Island",167.841995239258,-46.3662109375,1108,69728
"South Island",167.722076416016,-46.2271461486816,1108,69729
"South Island",167.682220458984,-46.1929702758789,1108,69730
"South Island",167.539459228516,-46.1485366821289,1108,69731
"South Island",167.490615844727,-46.1546859741211,1108,69732
"South Island",167.414260864258,-46.2289047241211,1108,69733
"South Island",167.368942260742,-46.2415046691895,1108,69734
"South Island",167.100296020508,-46.2494125366211,1108,69735
"South Island",166.830764770508,-46.2254867553711,1108,69736
"South Island",166.731536865234,-46.1978530883789,1108,69737
"South Island",166.712097167969,-46.1336898803711,1108,69738
"South Island",166.916702270508,-45.9572257995605,1108,69739
"South Island",166.8564453125,-45.9808616638184,1108,69740
"South Island",166.730270385742,-46.052734375,1108,69741
"South Island",166.64990234375,-46.0416984558105,1108,69742
"South Island",166.726959228516,-45.9632797241211,1108,69743
"South Island",166.733779907227,-45.9283180236816,1108,69744
"South Island",166.717971801758,-45.8893585205078,1108,69745
"South Island",166.612701416016,-45.9553718566895,1108,69746
"South Island",166.4931640625,-45.9638671875,1108,69747
"South Island",166.477630615234,-45.9027328491211,1108,69748
"South Island",166.48828125,-45.8318367004395,1108,69749
"South Island",166.512893676758,-45.8117179870605,1108,69750
"South Island",166.836029052734,-45.7745094299316,1108,69751
"South Island",166.952545166016,-45.7501945495605,1108,69752
"South Island",167.003311157227,-45.7121086120605,1108,69753
"South Island",166.809967041016,-45.6990242004395,1108,69754
"South Island",166.797653198242,-45.6456031799316,1108,69755
"South Island",166.825576782227,-45.6028327941895,1108,69756
"South Island",166.990814208984,-45.53173828125,1108,69757
"South Island",166.869049072266,-45.5499038696289,1108,69758
"South Island",166.733993530273,-45.5435562133789,1108,69759
"South Island",166.743072509766,-45.4684562683105,1108,69760
"South Island",166.7783203125,-45.40966796875,1108,69761
"South Island",166.919921875,-45.4079093933105,1108,69762
"South Island",166.875595092773,-45.3675765991211,1108,69763
"South Island",166.869232177734,-45.3112297058105,1108,69764
"South Island",166.908599853516,-45.3074226379395,1108,69765
"South Island",167.052154541016,-45.3832015991211,1108,69766
"South Island",167.155670166016,-45.4109344482422,1108,69767
"South Island",167.112106323242,-45.3539085388184,1108,69768
"South Island",167.117782592773,-45.3179702758789,1108,69769
"South Island",167.145309448242,-45.3018531799316,1108,69770
"South Island",167.230072021484,-45.2903327941895,1108,69771
"South Island",167.206848144531,-45.2802734375,1108,69772
"South Island",167.127334594727,-45.2658195495605,1108,69773
"South Island",167.032806396484,-45.2224617004395,1108,69774
"South Island",167.022659301758,-45.1766624450684,1108,69775
"South Island",167.02587890625,-45.1236305236816,1108,69776
"South Island",167.1279296875,-45.05078125,1108,69777
"South Island",167.188186645508,-45.0941429138184,1108,69778
"South Island",167.259475708008,-45.0822257995605,1108,69779
"South Island",167.205078125,-45.0481452941895,1108,69780
"South Island",167.171875,-44.9970703125,1108,69781
"South Island",167.194534301758,-44.9634780883789,1108,69782
"South Island",167.410736083984,-44.8279266357422,1108,69783
"South Island",167.466217041016,-44.9582977294922,1108,69784
"South Island",167.479202270508,-44.9150390625,1108,69785
"South Island",167.482131958008,-44.8739280700684,1108,69786
"South Island",167.456253051758,-44.8382835388184,1108,69787
"South Island",167.4599609375,-44.8023414611816,1108,69788
"South Island",167.484970092773,-44.7713890075684,1108,69789
"South Island",167.57763671875,-44.7408180236816,1108,69790
"South Island",167.698135375977,-44.6413078308105,1108,69791
"South Island",167.787017822266,-44.5950202941895,1108,69792
"South Island",167.859375,-44.6247062683105,1108,69793
"South Island",167.908981323242,-44.6647453308105,1108,69794
"South Island",167.901565551758,-44.625,1108,69795
"South Island",167.866409301758,-44.5920867919922,1108,69796
"South Island",167.856536865234,-44.5006828308105,1108,69797
"South Island",168.018371582031,-44.3587913513184,1108,69798
"South Island",168.196197509766,-44.2236328125,1108,69799
"South Island",168.366607666016,-44.08203125,1108,69800
"South Island",168.457427978516,-44.0305633544922,1108,69801
"South Island",168.650970458984,-43.97216796875,1108,69802
"South Island",168.774810791016,-43.9964866638184,1108,69803
"South Island",168.806442260742,-43.9919929504395,1108,69804
"South Island",168.990417480469,-43.8899421691895,1108,69805
"South Island",169.066497802734,-43.8634796142578,1108,69806
"South Island",169.135940551758,-43.89990234375,1108,69807
"South Island",169.178909301758,-43.9130859375,1108,69808
"South Island",169.1357421875,-43.81982421875,1108,69809
"South Island",169.169525146484,-43.7770500183105,1108,69810
"South Island",169.323150634766,-43.7015609741211,1108,69811
"South Island",169.515228271484,-43.6236343383789,1108,69812
"South Island",169.661529541016,-43.5912094116211,1108,69813
"South Island",169.769241333008,-43.5384788513184,1108,69814
"South Island",169.833877563477,-43.5370140075684,1108,69815
"South Island",169.824020385742,-43.4971694946289,1108,69816
"South Island",169.835052490234,-43.458984375,1108,69817
"South Island",169.890823364258,-43.4616203308105,1108,69818
"South Island",169.908004760742,-43.4465827941895,1108,69819
"South Island",169.858993530273,-43.4259757995605,1108,69820
"South Island",170.017578125,-43.3494148254395,1108,69821
"South Island",170.103713989258,-43.2650375366211,1108,69822
"South Island",170.148818969727,-43.24755859375,1108,69823
"South Island",170.189651489258,-43.2220687866211,1108,69824
"South Island",170.240234375,-43.1638679504395,1108,69825
"South Island",170.300003051758,-43.1446266174316,1108,69826
"South Island",170.355758666992,-43.1536140441895,1108,69827
"South Island",170.396087646484,-43.1822242736816,1108,69828
"South Island",170.374313354492,-43.1346702575684,1108,69829
"South Island",170.302825927734,-43.1076164245605,1108,69830
"South Island",170.379486083984,-43.0662117004395,1108,69831
"South Island",170.458694458008,-43.0376930236816,1108,69832
"South Island",170.535842895508,-43.0584945678711,1108,69833
"South Island",170.61181640625,-43.091796875,1108,69834
"South Island",170.535842895508,-43.0407257080078,1108,69835
"South Island",170.523635864258,-43.0089836120605,1108,69836
"South Island",170.615524291992,-42.9724578857422,1108,69837
"South Island",170.665435791016,-42.9612312316895,1108,69838
"South Island",170.735244750977,-43.02978515625,1108,69839
"South Island",170.725296020508,-42.9754905700684,1108,69840
"South Island",170.741607666016,-42.9273414611816,1108,69841
"South Island",170.84033203125,-42.8486328125,1108,69842
"South Island",170.969924926758,-42.7183609008789,1108,69843
"South Island",171.011428833008,-42.763671875,1108,69844
"South Island",171.017776489258,-42.8187484741211,1108,69845
"South Island",171.01171875,-42.8850555419922,1108,69846
"South Island",171.038375854492,-42.8621063232422,1108,69847
"South Island",171.047546386719,-42.8018569946289,1108,69848
"South Island",171.027725219727,-42.6960945129395,1108,69849
"South Island",171.189559936523,-42.50048828125,1108,69850
"South Island",171.221282958984,-42.4786148071289,1108,69851
"South Island",171.257034301758,-42.46533203125,1108,69852
"South Island",171.313385009766,-42.4601593017578,1108,69853
"South Island",171.296096801758,-42.4305648803711,1108,69854
"South Island",171.252243041992,-42.4019546508789,1108,69855
"South Island",171.296493530273,-42.3025360107422,1108,69856
"South Island",171.322662353516,-42.1890640258789,1108,69857
"South Island",171.360260009766,-42.0799789428711,1108,69858
"South Island",171.420608520508,-41.9730453491211,1108,69859
"South Island",171.486221313477,-41.7947273254395,1108,69860
"South Island",171.536315917969,-41.7575187683105,1108,69861
"South Island",171.672180175781,-41.7447280883789,1108,69862
"South Island",171.731643676758,-41.7196273803711,1108,69863
"South Island",171.830657958984,-41.6551742553711,1108,69864
"South Island",171.948043823242,-41.5386734008789,1108,69865
"South Island",172.0107421875,-41.4447288513184,1108,69866
"South Island",172.093368530273,-41.2015609741211,1108,69867
"South Island",172.139450073242,-40.947265625,1108,69868
"South Island",172.272750854492,-40.7586936950684,1108,69869
"South Island",172.468170166016,-40.6221694946289,1108,69870
"South Island",172.640625,-40.5182609558105,1108,69871
"South Island",172.711120605469,-40.4966812133789,1108,69872
"South Island",172.830184936523,-40.4900398254395,1108,69873
"South Island",172.943649291992,-40.5187530517578,1108,69874
"South Island",172.732620239258,-40.5437507629395,1108,69875
"South Island",172.711120605469,-40.6053733825684,1108,69876
"South Island",172.704391479492,-40.6677742004395,1108,69877
"South Island",172.728897094727,-40.7236328125,1108,69878
"South Island",172.766799926758,-40.7734375,1108,69879
"South Island",172.869140625,-40.8203125,1108,69880
"South Island",172.988662719727,-40.8482437133789,1108,69881
"South Island",173.042282104492,-40.95361328125,1108,69882
"South Island",173.052139282227,-41.07861328125,1108,69883
"South Island",173.068649291992,-41.1858406066895,1108,69884
"South Island",173.115341186523,-41.279296875,1108,69885
"North Island",173.269424438477,-34.9347648620605,1110,69901
"North Island",173.284576416016,-34.9805679321289,1110,69902
"North Island",173.339935302734,-34.9479522705078,1110,69903
"North Island",173.381256103516,-34.896484375,1110,69904
"North Island",173.447845458984,-34.8443374633789,1110,69905
"North Island",173.438659667969,-34.9285163879395,1110,69906
"North Island",173.47265625,-34.9469718933105,1110,69907
"North Island",173.693740844727,-35.0056648254395,1110,69908
"North Island",173.7392578125,-35.0545883178711,1110,69909
"North Island",173.786224365234,-35.0685539245605,1110,69910
"North Island",173.812789916992,-35.0412101745605,1110,69911
"North Island",173.843948364258,-35.0262680053711,1110,69912
"North Island",173.923828125,-35.05712890625,1110,69913
"North Island",174.10400390625,-35.1428718566895,1110,69914
"North Island",174.118942260742,-35.17236328125,1110,69915
"North Island",174.109756469727,-35.2164077758789,1110,69916
"North Island",174.118743896484,-35.2628898620605,1110,69917
"North Island",174.143157958984,-35.2999992370605,1110,69918
"North Island",174.203216552734,-35.30859375,1110,69919
"North Island",174.282897949219,-35.2535171508789,1110,69920
"North Island",174.3203125,-35.2466773986816,1110,69921
"North Island",174.373336791992,-35.3245124816895,1110,69922
"North Island",174.393173217773,-35.3685531616211,1110,69923
"North Island",174.384963989258,-35.3670883178711,1110,69924
"North Island",174.419143676758,-35.4107437133789,1110,69925
"North Island",174.464752197266,-35.4541015625,1110,69926
"North Island",174.54345703125,-35.58203125,1110,69927
"North Island",174.53173828125,-35.626953125,1110,69928
"North Island",174.508590698242,-35.6673851013184,1110,69929
"North Island",174.580657958984,-35.7855453491211,1110,69930
"North Island",174.533493041992,-35.7937507629395,1110,69931
"North Island",174.391006469727,-35.7737312316895,1110,69932
"North Island",174.395812988281,-35.79736328125,1110,69933
"North Island",174.478713989258,-35.8840827941895,1110,69934
"North Island",174.548736572266,-36.0066413879395,1110,69935
"North Island",174.604873657227,-36.08056640625,1110,69936
"North Island",174.802154541016,-36.3094749450684,1110,69937
"North Island",174.7724609375,-36.3909149169922,1110,69938
"North Island",174.777053833008,-36.4446296691895,1110,69939
"North Island",174.751754760742,-36.4908218383789,1110,69940
"North Island",174.819244384766,-36.6121101379395,1110,69941
"North Island",174.777145385742,-36.6498031616211,1110,69942
"North Island",174.749221801758,-36.7740211486816,1110,69943
"North Island",174.718658447266,-36.7957992553711,1110,69944
"North Island",174.722457885742,-36.8412094116211,1110,69945
"North Island",174.801956176758,-36.8532218933105,1110,69946
"North Island",174.849899291992,-36.87255859375,1110,69947
"North Island",174.891403198242,-36.9093742370605,1110,69948
"North Island",174.917190551758,-36.8650360107422,1110,69949
"North Island",174.952041625977,-36.8529319763184,1110,69950
"North Island",175.047073364258,-36.9122085571289,1110,69951
"North Island",175.2451171875,-36.9712867736816,1110,69952
"North Island",175.299514770508,-36.9932594299316,1110,69953
"North Island",175.326461791992,-37.0409202575684,1110,69954
"North Island",175.3466796875,-37.1561546325684,1110,69955
"North Island",175.385345458984,-37.2069320678711,1110,69956
"North Island",175.4609375,-37.2167015075684,1110,69957
"North Island",175.54248046875,-37.2013664245605,1110,69958
"North Island",175.568161010742,-37.1593742370605,1110,69959
"North Island",175.551956176758,-37.0464859008789,1110,69960
"North Island",175.4931640625,-36.86572265625,1110,69961
"North Island",175.492874145508,-36.8069343566895,1110,69962
"North Island",175.501266479492,-36.748046875,1110,69963
"North Island",175.487411499023,-36.6895484924316,1110,69964
"North Island",175.4580078125,-36.63427734375,1110,69965
"North Island",175.426376342773,-36.5918960571289,1110,69966
"North Island",175.385543823242,-36.5563468933105,1110,69967
"North Island",175.399810791016,-36.5007820129395,1110,69968
"North Island",175.460845947266,-36.4756813049316,1110,69969
"North Island",175.497650146484,-36.5226554870605,1110,69970
"North Island",175.528030395508,-36.5792961120605,1110,69971
"North Island",175.681442260742,-36.7469711303711,1110,69972
"North Island",175.772171020508,-36.7351531982422,1110,69973
"North Island",175.780670166016,-36.8045921325684,1110,69974
"North Island",175.842178344727,-36.8750991821289,1110,69975
"North Island",175.876174926758,-36.9577178955078,1110,69976
"North Island",175.921096801758,-37.20458984375,1110,69977
"North Island",175.990142822266,-37.43701171875,1110,69978
"North Island",176.114562988281,-37.5382843017578,1110,69979
"North Island",176.129013061523,-37.5867195129395,1110,69980
"North Island",176.053314208984,-37.5617179870605,1110,69981
"North Island",176.029891967773,-37.5762672424316,1110,69982
"North Island",176.037887573242,-37.6006813049316,1110,69983
"North Island",176.1083984375,-37.6451187133789,1110,69984
"North Island",176.191116333008,-37.6669921875,1110,69985
"North Island",176.2431640625,-37.6638641357422,1110,69986
"North Island",176.291702270508,-37.6800765991211,1110,69987
"North Island",176.61474609375,-37.8309555053711,1110,69988
"North Island",176.77001953125,-37.8896484375,1110,69989
"North Island",177.161819458008,-37.9857406616211,1110,69990
"North Island",177.274017333984,-37.9934577941895,1110,69991
"North Island",177.3359375,-37.9908218383789,1110,69992
"North Island",177.453308105469,-37.9574203491211,1110,69993
"North Island",177.558288574219,-37.8974609375,1110,69994
"North Island",177.64892578125,-37.8078117370605,1110,69995
"North Island",177.727340698242,-37.70556640625,1110,69996
"North Island",177.812698364258,-37.6559562683105,1110,69997
"North Island",177.909469604492,-37.6168937683105,1110,69998
"North Island",177.9580078125,-37.5806655883789,1110,69999
"North Island",178.009185791016,-37.5548820495605,1110,70000
"North Island",178.272171020508,-37.56689453125,1110,70001
"North Island",178.360748291016,-37.6184539794922,1110,70002
"North Island",178.475967407227,-37.6597633361816,1110,70003
"North Island",178.536224365234,-37.6920890808105,1110,70004
"North Island",178.516006469727,-37.7576179504395,1110,70005
"North Island",178.447067260742,-37.8543930053711,1110,70006
"North Island",178.393936157227,-37.9602546691895,1110,70007
"North Island",178.347259521484,-38.2008781433105,1110,70008
"North Island",178.3154296875,-38.4440460205078,1110,70009
"North Island",178.267684936523,-38.5511741638184,1110,70010
"North Island",178.1806640625,-38.6336898803711,1110,70011
"North Island",178.084854125977,-38.6939468383789,1110,70012
"North Island",177.976165771484,-38.7222633361816,1110,70013
"North Island",177.93212890625,-38.8602561950684,1110,70014
"North Island",177.910354614258,-39.0217742919922,1110,70015
"North Island",177.916610717773,-39.0624008178711,1110,70016
"North Island",177.951370239258,-39.0945320129395,1110,70017
"North Island",177.965621948242,-39.1424789428711,1110,70018
"North Island",177.908798217773,-39.2395477294922,1110,70019
"North Island",177.87548828125,-39.2254905700684,1110,70020
"North Island",177.828720092773,-39.1447257995605,1110,70021
"North Island",177.7861328125,-39.1109352111816,1110,70022
"North Island",177.655853271484,-39.0857391357422,1110,70023
"North Island",177.52294921875,-39.0738296508789,1110,70024
"North Island",177.407531738281,-39.0811500549316,1110,70025
"North Island",177.296585083008,-39.1158218383789,1110,70026
"North Island",177.128723144531,-39.1861343383789,1110,70027
"North Island",177.076751708984,-39.2217788696289,1110,70028
"North Island",177.03125,-39.2668952941895,1110,70029
"North Island",176.9541015625,-39.3675765991211,1110,70030
"North Island",176.935729980469,-39.49072265625,1110,70031
"North Island",176.939254760742,-39.5552749633789,1110,70032
"North Island",176.966598510742,-39.6051750183105,1110,70033
"North Island",177.10986328125,-39.6731452941895,1110,70034
"North Island",176.967971801758,-39.9107437133789,1110,70035
"North Island",176.842193603516,-40.1578140258789,1110,70036
"North Island",176.770706176758,-40.2284164428711,1110,70037
"North Island",176.688766479492,-40.29345703125,1110,70038
"North Island",176.611526489258,-40.4419898986816,1110,70039
"North Island",176.476455688477,-40.5700187683105,1110,70040
"North Island",176.385147094727,-40.6676788330078,1110,70041
"North Island",176.313858032227,-40.7689437866211,1110,70042
"North Island",176.251754760742,-40.8768539428711,1110,70043
"North Island",176.11865234375,-41.0290985107422,1110,70044
"North Island",176.059951782227,-41.1296882629395,1110,70045
"North Island",175.98291015625,-41.2132797241211,1110,70046
"North Island",175.839660644531,-41.3201179504395,1110,70047
"North Island",175.687301635742,-41.4117202758789,1110,70048
"North Island",175.447067260742,-41.5382804870605,1110,70049
"North Island",175.380264282227,-41.580078125,1110,70050
"North Island",175.309768676758,-41.6106414794922,1110,70051
"North Island",175.22216796875,-41.5744171142578,1110,70052
"North Island",175.204483032227,-41.5349617004395,1110,70053
"North Island",175.184661865234,-41.4490242004395,1110,70054
"North Island",175.165618896484,-41.4173812866211,1110,70055
"North Island",175.053909301758,-41.3912086486816,1110,70056
"North Island",174.906051635742,-41.4329109191895,1110,70057
"North Island",174.88134765625,-41.4240264892578,1110,70058
"North Island",174.875198364258,-41.404296875,1110,70059
"North Island",174.875,-41.2782211303711,1110,70060
"North Island",174.900192260742,-41.24267578125,1110,70061
"North Island",174.865631103516,-41.2230453491211,1110,70062
"North Island",174.83154296875,-41.2307624816895,1110,70063
"North Island",174.819732666016,-41.2628898620605,1110,70064
"North Island",174.841217041016,-41.2907218933105,1110,70065
"North Island",174.757034301758,-41.3252944946289,1110,70066
"North Island",174.669540405273,-41.3262672424316,1110,70067
"North Island",174.642959594727,-41.3126945495605,1110,70068
"North Island",174.635360717773,-41.2894515991211,1110,70069
"North Island",174.656539916992,-41.2512702941895,1110,70070
"North Island",174.684860229492,-41.2176742553711,1110,70071
"North Island",174.847747802734,-41.0587921142578,1110,70072
"North Island",175.016799926758,-40.84765625,1110,70073
"North Island",175.162490844727,-40.62158203125,1110,70074
"North Island",175.200485229492,-40.50537109375,1110,70075
"North Island",175.254104614258,-40.2893562316895,1110,70076
"North Island",175.210159301758,-40.1994132995605,1110,70077
"North Island",175.155960083008,-40.1149406433105,1110,70078
"North Island",175.00927734375,-39.9521484375,1110,70079
"North Island",174.813766479492,-39.8601570129395,1110,70080
"North Island",174.687301635742,-39.84716796875,1110,70081
"North Island",174.567474365234,-39.81298828125,1110,70082
"North Island",174.454681396484,-39.7351531982422,1110,70083
"North Island",174.35205078125,-39.6433601379395,1110,70084
"North Island",174.148635864258,-39.5681648254395,1110,70085
"North Island",173.934371948242,-39.5090827941895,1110,70086
"North Island",173.812118530273,-39.42578125,1110,70087
"North Island",173.783004760742,-39.3761749267578,1110,70088
"North Island",173.763671875,-39.3187484741211,1110,70089
"North Island",173.766403198242,-39.2653350830078,1110,70090
"North Island",173.781631469727,-39.2112312316895,1110,70091
"North Island",173.806045532227,-39.1695289611816,1110,70092
"North Island",173.844345092773,-39.1393547058105,1110,70093
"North Island",174.071380615234,-39.03125,1110,70094
"North Island",174.311721801758,-38.9710922241211,1110,70095
"North Island",174.356048583984,-38.97216796875,1110,70096
"North Island",174.3984375,-38.9626007080078,1110,70097
"North Island",174.45849609375,-38.92578125,1110,70098
"North Island",174.566207885742,-38.8416023254395,1110,70099
"North Island",174.597366333008,-38.7850570678711,1110,70100
"North Island",174.618560791016,-38.6052742004395,1110,70101
"North Island",174.653030395508,-38.4283218383789,1110,70102
"North Island",174.71533203125,-38.2255859375,1110,70103
"North Island",174.809280395508,-38.0998077392578,1110,70104
"North Island",174.840042114258,-38.0226554870605,1110,70105
"North Island",174.801651000977,-37.8955078125,1110,70106
"North Island",174.836822509766,-37.8489265441895,1110,70107
"North Island",174.879592895508,-37.82080078125,1110,70108
"North Island",174.928024291992,-37.8044929504395,1110,70109
"North Island",174.845993041992,-37.6851539611816,1110,70110
"North Island",174.749420166016,-37.5046882629395,1110,70111
"North Island",174.729202270508,-37.44873046875,1110,70112
"North Island",174.743942260742,-37.3934555053711,1110,70113
"North Island",174.767669677734,-37.3390617370605,1110,70114
"North Island",174.707427978516,-37.3252944946289,1110,70115
"North Island",174.672546386719,-37.2731437683105,1110,70116
"North Island",174.585830688477,-37.0977516174316,1110,70117
"North Island",174.609680175781,-37.0699234008789,1110,70118
"North Island",174.65966796875,-37.0887718200684,1110,70119
"North Island",174.734283447266,-37.2152366638184,1110,70120
"North Island",174.746383666992,-37.1501007080078,1110,70121
"North Island",174.803604125977,-37.1100578308105,1110,70122
"North Island",174.863861083984,-37.0892601013184,1110,70123
"North Island",174.928909301758,-37.0847663879395,1110,70124
"North Island",174.782028198242,-36.9437484741211,1110,70125
"North Island",174.73291015625,-36.9494132995605,1110,70126
"North Island",174.66796875,-36.9718742370605,1110,70127
"North Island",174.601470947266,-36.9857406616211,1110,70128
"North Island",174.536529541016,-36.9733390808105,1110,70129
"North Island",174.4755859375,-36.94189453125,1110,70130
"North Island",174.444534301758,-36.8825187683105,1110,70131
"North Island",174.406051635742,-36.7682609558105,1110,70132
"North Island",174.381927490234,-36.7259750366211,1110,70133
"North Island",174.188873291016,-36.4922866821289,1110,70134
"North Island",174.245712280273,-36.4849624633789,1110,70135
"North Island",174.401565551758,-36.6019515991211,1110,70136
"North Island",174.431732177734,-36.5645484924316,1110,70137
"North Island",174.454299926758,-36.5107421875,1110,70138
"North Island",174.446868896484,-36.4508781433105,1110,70139
"North Island",174.409576416016,-36.4055671691895,1110,70140
"North Island",174.354095458984,-36.3759765625,1110,70141
"North Island",174.353118896484,-36.3228492736816,1110,70142
"North Island",174.395416259766,-36.2741203308105,1110,70143
"North Island",174.392776489258,-36.2400360107422,1110,70144
"North Island",174.303512573242,-36.1705055236816,1110,70145
"North Island",174.267868041992,-36.1630859375,1110,70146
"North Island",174.252044677734,-36.1956024169922,1110,70147
"North Island",174.277542114258,-36.2437515258789,1110,70148
"North Island",174.253707885742,-36.2491226196289,1110,70149
"North Island",174.036422729492,-36.1224594116211,1110,70150
"North Island",173.969329833984,-36.0206031799316,1110,70151
"North Island",173.914459228516,-35.90869140625,1110,70152
"North Island",173.908889770508,-35.9541969299316,1110,70153
"North Island",173.917282104492,-36.0181617736816,1110,70154
"North Island",174.003128051758,-36.1462898254395,1110,70155
"North Island",174.142379760742,-36.2894554138184,1110,70156
"North Island",174.166412353516,-36.32763671875,1110,70157
"North Island",174.145797729492,-36.376953125,1110,70158
"North Island",174.097457885742,-36.3910140991211,1110,70159
"North Island",174.0546875,-36.3597679138184,1110,70160
"North Island",173.991012573242,-36.2372055053711,1110,70161
"North Island",173.945114135742,-36.1758766174316,1110,70162
"North Island",173.412200927734,-35.5425758361816,1110,70163
"North Island",173.480270385742,-35.458984375,1110,70164
"North Island",173.585845947266,-35.3885726928711,1110,70165
"North Island",173.6103515625,-35.3572273254395,1110,70166
"North Island",173.626174926758,-35.3191413879395,1110,70167
"North Island",173.581634521484,-35.3125953674316,1110,70168
"North Island",173.541702270508,-35.3298835754395,1110,70169
"North Island",173.49609375,-35.3623046875,1110,70170
"North Island",173.454299926758,-35.3992156982422,1110,70171
"North Island",173.401657104492,-35.4811515808105,1110,70172
"North Island",173.376358032227,-35.5000953674316,1110,70173
"North Island",173.31396484375,-35.443359375,1110,70174
"North Island",173.290237426758,-35.4083023071289,1110,70175
"North Island",173.291213989258,-35.3663101196289,1110,70176
"North Island",173.274505615234,-35.3396492004395,1110,70177
"North Island",173.228118896484,-35.3312492370605,1110,70178
"North Island",173.16015625,-35.2477531433105,1110,70179
"North Island",173.11669921875,-35.2052726745605,1110,70180
"North Island",173.188781738281,-35.1237297058105,1110,70181
"North Island",173.190628051758,-35.0162124633789,1110,70182
"North Island",173.117294311523,-34.9033203125,1110,70183
"North Island",173.029586791992,-34.7999038696289,1110,70184
"North Island",172.860733032227,-34.63232421875,1110,70185
"North Island",172.705947875977,-34.4551773071289,1110,70186
"North Island",172.873733520508,-34.4329109191895,1110,70187
"North Island",173.0439453125,-34.4291000366211,1110,70188
"North Island",172.963760375977,-34.53515625,1110,70189
"North Island",172.999801635742,-34.5964851379395,1110,70190
"North Island",173.054397583008,-34.6482429504395,1110,70191
"North Island",173.171096801758,-34.8069343566895,1110,70192
"North Island",173.181243896484,-34.8527336120605,1110,70193
"North Island",173.240524291992,-34.8990211486816,1110,70194
"North Island",173.269424438477,-34.9347648620605,1110,70195
