shoe,speed,oxygen_cost
A,7.97,26.92
A,8.33,29.23
A,8.92,30.61
A,8.9,29.92
A,9.8,31.32
A,10.24,30.01
A,10.96,33.21
A,10.75,33.16
A,10.81,33.45
A,11.55,33.82
A,11.76,34.96
A,11.98,36.24
A,12.93,38.33
A,12.86,38.44
A,13.64,38.98
A,13.77,39.64
A,13.94,41.91
A,14.75,41.1
A,14.67,40.44
A,14.54,41.5
A,15.35,40.21
A,15.76,42.75
B,8.33,26.69
B,8.32,27.39
B,8.74,28.57
B,9.47,27.74
B,9.51,30.76
B,9.96,32.66
B,10.12,30.49
B,10.87,32.12
B,11.38,34.72
B,11.87,35.03
B,11.17,30.41
B,12.87,36.34
B,12.37,33.97
B,12.51,35.48
B,13.09,34.07
B,13.55,36.82
B,14.22,38.4
B,14.01,37.02
B,14.84,41.16
B,15.26,40.61
B,15.38,41.04
B,16.23,39.93
C,8.05,31.33
C,8.21,31.99
C,8.93,32.45
C,9.65,32.92
C,9.64,34.35
C,9.51,33.1
C,10.33,34.1
C,10.56,37.26
C,11.15,37.28
C,11.45,38.95
C,11.5,38.07
C,12.35,38.65
C,12.75,40.37
C,12.88,37.86
C,13.2,40.29
C,13.77,42.44
C,14.11,40.73
C,14.11,42.3
C,14.67,44.14
C,15.11,45.26
C,15.45,42.48
C,16.05,47.58
