temperature_c,output
19.65,38.07
20.69,29.63
22.23,39.72
22.93,32.96
23.49,40.44
23.8,43.32
25.79,40.7
25.88,39.76
26.08,39.26
28.63,44.51
28.72,47.35
29.1,41.49
31.03,45.89
31.29,46.09
32.21,44.13
32.8,49.65
33.97,48.16
34.68,52.24
35.21,46.46
36.44,48.61
37.56,49.63
37.84,53.87
38.45,52.68
39.66,51.53
40.1,59.96
41.44,59.46
42.21,57.91
42.71,59.69
44.08,65.77
44.42,64.83
45.54,64.09
46.28,67.04
46.64,65.18
47.77,68.78
47.84,70.97
49.69,69.37
50.47,71.45
50.72,71.6
51.93,79.95
53.01,79.68
54.66,79.55
54.87,80.34
55.39,78.52
56.85,72.02
57.37,76.89
58.1,76.33
60.05,82.46
60.24,81.7
61.18,73.99
62.21,81.05
62.24,79.06
63.49,77.04
64.13,82.09
64.93,79.24
65.84,76.5
67.31,80.14
68.06,75.82
68.55,83.7
70.08,85.52
70.2,81.15
71.22,81.32
71.78,79.95
72.95,80.04
73.59,76.79
74.4,77.52
75.37,81.12
76.76,78.19
77.33,75.75
78.27,75.75
79.01,75.05
79.66,76.92
80.41,74.9
81.19,72.8
82.41,71.45
82.71,69.72
83.72,70.88
85.07,74.05
85.25,69.87
86.13,75.51
87.3,70.23
88.24,70.07
88.67,64.58
89.77,64.23
90.43,63.65
91.55,62.08
92.37,59.64
92.4,62.23
93.8,58.8
94.69,62.31
95.85,60.97
97.41,53.4
97.75,48.62
98.62,52.45
98.98,54.6
99.22,54.76
