mean_energy_kwh,floor_area_m2,bedrooms,household_size,median_income_k,heat_pump_prop,region,n_households
6241.1,145.0,2.72,2.3,86.1,0.409,Central,70
6294.8,135.6,3.08,2.8,70.3,0.575,Central,101
6132.8,158.4,3.16,3.01,80.4,0.468,Central,184
7554.8,163.7,3.32,3.18,80.7,0.191,Coastal,118
4786.0,132.9,2.51,3.28,77.8,0.216,Coastal,133
5834.0,119.8,2.15,2.78,52.2,0.413,Inland,321
5338.8,156.1,3.13,2.73,83.6,0.433,Central,36
5868.3,128.0,2.87,2.52,76.4,0.452,Coastal,42
5883.7,142.4,3.17,2.21,60.6,0.591,Central,311
6542.3,148.4,3.2,2.99,87.1,0.54,Inland,340
6188.6,172.4,3.23,3.11,83.6,0.48,Coastal,163
5363.2,145.9,3.04,2.67,83.0,0.632,Central,383
6189.8,149.8,2.99,3.56,82.3,0.489,Central,339
5768.9,146.7,3.09,2.67,64.3,0.645,Coastal,272
5593.0,144.7,3.05,2.21,97.2,0.413,Central,401
7163.9,193.3,4.11,3.33,97.3,0.661,Inland,75
6655.9,167.0,3.72,2.29,78.7,0.734,Inland,253
5620.9,117.2,2.87,2.75,70.5,0.771,Inland,188
6491.8,153.3,3.36,2.31,65.2,0.677,Inland,397
6097.7,127.9,2.38,2.75,75.1,0.513,Inland,217
6971.0,147.3,3.1,2.8,78.1,0.385,Inland,382
6466.7,153.6,3.34,2.81,66.7,0.395,Coastal,181
5258.9,146.3,2.91,2.75,77.9,0.502,Coastal,351
6883.6,205.1,4.19,2.82,92.0,0.772,Central,210
6401.8,186.0,3.92,2.54,96.2,0.615,Central,137
6760.6,149.7,3.33,2.67,67.9,0.681,Inland,47
5775.1,172.3,4.07,3.12,102.0,0.469,Coastal,80
4856.8,129.7,2.38,3.25,73.5,0.723,Coastal,296
4660.2,103.9,2.16,1.71,66.4,0.517,Central,172
7059.1,179.4,3.76,3.26,93.8,0.432,Inland,201
6821.5,165.8,3.92,2.63,93.1,0.397,Central,271
7449.2,198.8,4.38,2.81,86.4,0.686,Inland,159
8287.9,198.6,4.13,3.74,102.9,0.372,Inland,375
5281.1,123.8,2.73,3.18,81.1,0.533,Coastal,94
6488.8,173.4,3.92,2.33,61.0,0.585,Central,84
6440.5,116.3,2.42,2.16,74.0,0.754,Coastal,20
5630.5,123.4,2.37,2.66,70.3,0.463,Central,397
7356.9,191.0,4.46,2.46,91.8,0.752,Inland,103
4093.3,81.8,1.65,2.25,60.1,0.535,Inland,46
5772.5,156.7,3.31,2.71,92.1,0.645,Central,67
5106.4,131.8,2.21,3.18,78.4,0.669,Coastal,203
6890.9,152.6,3.18,2.4,83.4,0.31,Central,301
5356.8,129.4,2.73,2.83,66.0,0.4,Coastal,273
6017.9,132.5,2.47,2.02,62.2,0.348,Coastal,88
4613.5,88.7,1.92,2.12,62.3,0.413,Coastal,312
5116.0,93.7,1.47,2.62,58.3,0.485,Inland,378
5346.3,137.9,2.88,2.67,87.3,0.801,Coastal,21
6076.9,145.2,2.94,2.61,66.7,0.672,Coastal,236
4931.4,120.5,2.42,2.62,62.0,0.493,Coastal,185
7237.9,170.7,3.8,2.96,78.1,0.475,Inland,382
6656.7,152.1,3.34,2.42,64.0,0.548,Coastal,47
6423.9,150.8,3.65,2.33,93.2,0.448,Central,365
6434.1,159.3,3.61,1.85,63.5,0.412,Coastal,128
7139.7,179.3,3.95,2.85,87.0,0.746,Inland,402
6498.9,139.1,2.71,3.04,83.2,0.353,Inland,74
6002.5,130.6,2.62,2.71,79.1,0.488,Inland,290
5613.4,137.3,2.87,1.65,77.1,0.52,Central,297
5635.6,114.4,2.66,2.21,61.1,0.383,Inland,354
6409.1,171.7,4.2,3.39,89.0,0.585,Coastal,392
5864.0,122.4,2.42,2.4,77.7,0.364,Central,353
7268.4,215.5,4.67,2.99,87.2,0.592,Central,313
5933.1,200.4,4.44,2.99,82.9,0.747,Coastal,326
7035.1,200.2,4.19,2.42,86.5,0.324,Coastal,409
7127.8,172.0,3.63,3.29,60.2,0.622,Inland,149
6617.0,144.8,2.85,2.14,103.5,0.427,Inland,264
4842.9,117.6,2.38,2.22,65.1,0.724,Coastal,264
4939.7,108.3,1.92,3.23,77.7,0.268,Central,222
6640.2,177.0,4.15,3.19,85.1,0.463,Coastal,346
5641.2,139.0,2.96,2.8,74.0,0.498,Central,174
5207.7,174.6,3.81,2.45,79.0,0.53,Coastal,103
5352.1,123.3,2.74,3.14,75.8,0.655,Coastal,51
5946.2,164.0,2.9,2.78,64.2,0.339,Central,260
