bedrooms,bathrooms,rent
1,1,280
1,1,280
1,1,295
1,1,295
1,1,310
1,1,320
1,1,320
1,1,325
1,1,340
1,1,350
1,1,350
1,1,350
1,1,350
1,1,360
1,1,370
1,1,370
1,1,370
1,1,370
1,1,380
1,1,390
1,1,390
1,1,390
1,1,390
1,1,395
1,1,395
1,1,395
1,1,395
1,1,399
1,1,399
1,1,399
1,1,400
1,1,400
1,1,400
1,1,400
1,1,400
1,1,410
1,1,415
1,1,420
1,1,420
1,1,420
1,1,425
1,1,425
1,1,430
1,1,430
1,1,430
1,1,430
1,1,440
1,1,449
1,1,450
1,1,450
1,1,450
1,1,450
1,1,450
1,1,450
1,1,450
1,1,450
1,1,450
1,1,450
1,1,450
1,1,450
1,1,465
1,1,470
1,1,475
1,1,475
1,1,475
1,1,480
1,1,480
1,1,485
1,1,490
1,1,495
1,1,495
1,1,500
1,1,500
1,1,500
1,1,500
1,1,505
1,1,510
1,1,530
1,1,530
1,1,530
1,1,540
1,1,540
1,1,550
1,1,550
1,1,550
1,1,595
1,1,595
1,1,599
1,1,600
1,1,600
1,1,620
1,1,645
1,1,650
1,1,675
1,1,700
1,1,750
1,1,770
1,1,775
2,1,535
2,1,520
2,1,490
2,1,480
2,1,480
2,1,590
2,1,650
2,1,620
2,1,535
2,1,530
2,1,610
2,1,525
2,1,425
2,1,470
2,1,590
2,1,535
2,1,545
2,1,570
2,1,490
2,1,560
2,1,540
2,1,485
2,1,570
2,1,575
2,1,480
2,1,685
2,1,520
2,1,630
2,1,510
2,1,780
2,1,570
2,1,550
2,1,550
2,1,465
2,1,450
2,1,630
2,1,580
2,1,390
2,1,550
2,1,975
2,1,585
2,1,700
2,1,800
2,1,650
2,1,595
2,1,570
2,1,690
2,1,1750
2,1,510
2,1,550
2,1,550
2,1,395
2,1,500
2,1,625
2,1,440
2,1,530
2,1,520
2,1,500
2,1,460
2,1,550
2,1,550
2,1,475
2,1,495
2,1,490
2,1,585
2,1,610
2,1,580
2,1,660
2,1,470
2,1,350
2,1,500
2,1,525
2,1,550
2,1,540
2,1,530
2,1,530
2,1,450
2,1,495
2,1,550
2,1,530
2,1,600
2,1,420
2,1,530
2,1,530
2,1,535
2,1,530
2,1,500
2,1,550
2,1,750
2,1,520
2,1,560
2,1,420
2,1,585
2,1,520
2,1,450
2,1,480
2,1,560
2,1,550
2,1,560
2,1,600
2,1,440
2,1,520
2,1,380
2,1,500
2,1,630
2,1,575
2,1,580
2,1,625
2,1,500
2,1,550
2,1,495
2,1,500
2,1,545
2,1,520
2,1,580
2,1,470
2,1,450
2,1,500
2,1,480
2,1,525
2,1,460
2,1,450
2,1,500
2,1,560
2,1,720
2,1,560
2,1,560
2,1,510
2,1,560
2,1,590
2,1,535
2,1,550
2,1,595
2,1,550
2,1,530
2,1,550
2,1,595
2,1,545
2,1,375
2,1,560
2,1,520
2,1,550
2,1,520
2,1,675
2,1,550
2,1,530
2,1,500
2,1,460
2,1,560
2,1,495
2,1,600
2,1,470
2,1,480
2,1,480
2,1,580
2,1,495
2,1,530
2,1,575
2,1,600
2,1,530
2,1,525
2,1,550
2,1,650
2,1,590
2,1,525
2,1,550
2,1,460
2,1,450
2,1,550
2,1,525
2,1,545
2,1,615
2,1,580
2,2,520
2,2,530
2,2,600
2,2,600
2,2,640
2,2,640
2,2,640
2,2,670
2,2,690
2,2,700
2,2,700
2,2,715
2,2,720
2,2,725
2,2,845
3,1,350
3,1,480
3,1,490
3,1,520
3,1,530
3,1,540
3,1,550
3,1,550
3,1,550
3,1,550
3,1,550
3,1,555
3,1,560
3,1,570
3,1,570
3,1,570
3,1,570
3,1,570
3,1,580
3,1,580
3,1,580
3,1,580
3,1,580
3,1,580
3,1,580
3,1,580
3,1,580
3,1,580
3,1,580
3,1,580
3,1,585
3,1,585
3,1,585
3,1,590
3,1,590
3,1,590
3,1,590
3,1,590
3,1,590
3,1,595
3,1,595
3,1,595
3,1,595
3,1,600
3,1,600
3,1,600
3,1,600
3,1,600
3,1,600
3,1,600
3,1,600
3,1,600
3,1,600
3,1,600
3,1,600
3,1,600
3,1,610
3,1,610
3,1,610
3,1,610
3,1,610
3,1,610
3,1,620
3,1,620
3,1,620
3,1,620
3,1,620
3,1,620
3,1,620
3,1,620
3,1,620
3,1,620
3,1,620
3,1,620
3,1,625
3,1,625
3,1,625
3,1,630
3,1,630
3,1,630
3,1,630
3,1,630
3,1,630
3,1,630
3,1,630
3,1,630
3,1,630
3,1,630
3,1,630
3,1,630
3,1,630
3,1,635
3,1,635
3,1,640
3,1,640
3,1,640
3,1,640
3,1,650
3,1,650
3,1,650
3,1,650
3,1,650
3,1,650
3,1,650
3,1,650
3,1,650
3,1,650
3,1,650
3,1,655
3,1,660
3,1,660
3,1,660
3,1,660
3,1,660
3,1,660
3,1,670
3,1,670
3,1,670
3,1,670
3,1,670
3,1,670
3,1,675
3,1,680
3,1,680
3,1,680
3,1,680
3,1,680
3,1,680
3,1,680
3,1,690
3,1,690
3,1,690
3,1,690
3,1,690
3,1,695
3,1,700
3,1,700
3,1,700
3,1,700
3,1,700
3,1,700
3,1,720
3,1,729
3,1,730
3,1,730
3,1,750
3,1,750
3,1,750
3,1,750
3,1,850
3,1,1050
3,2,560
3,2,580
3,2,580
3,2,595
3,2,600
3,2,600
3,2,610
3,2,620
3,2,625
3,2,650
3,2,650
3,2,650
3,2,650
3,2,650
3,2,650
3,2,650
3,2,660
3,2,670
3,2,670
3,2,680
3,2,680
3,2,680
3,2,680
3,2,680
3,2,680
3,2,680
3,2,690
3,2,695
3,2,700
3,2,700
3,2,700
3,2,700
3,2,720
3,2,720
3,2,725
3,2,730
3,2,730
3,2,730
3,2,730
3,2,740
3,2,750
3,2,750
3,2,750
3,2,750
3,2,750
3,2,750
3,2,750
3,2,750
3,2,760
3,2,760
3,2,780
3,2,780
3,2,800
3,2,800
3,2,835
3,2,850
3,2,850
3,2,850
3,2,860
3,2,875
3,2,890
3,2,895
3,2,980
3,2,985
3,2,990
3,2,1000
3,2,1025
3,2,1050
3,2,1050
3,2,1100
3,2,1150
3,2,1175
3,2,1275
3,2,1300
3,2,1800
3,2,2400
3,3,790
3,3,1650
4,1,500
4,1,600
4,1,630
4,1,630
4,1,650
4,1,650
4,1,650
4,1,670
4,1,680
4,1,680
4,1,680
4,1,680
4,1,680
4,1,690
4,1,695
4,1,700
4,1,720
4,1,720
4,1,720
4,1,725
4,1,730
4,1,735
4,2,550
4,2,600
4,2,600
4,2,645
4,2,680
4,2,690
4,2,690
4,2,695
4,2,695
4,2,695
4,2,700
4,2,700
4,2,700
4,2,720
4,2,720
4,2,720
4,2,720
4,2,720
4,2,720
4,2,725
4,2,730
4,2,730
4,2,740
4,2,740
4,2,750
4,2,750
4,2,750
4,2,750
4,2,750
4,2,750
4,2,750
4,2,750
4,2,760
4,2,775
4,2,780
4,2,780
4,2,780
4,2,780
4,2,780
4,2,780
4,2,780
4,2,790
4,2,790
4,2,790
4,2,790
4,2,790
4,2,795
4,2,795
4,2,800
4,2,800
4,2,800
4,2,800
4,2,800
4,2,800
4,2,800
4,2,815
4,2,820
4,2,820
4,2,830
4,2,830
4,2,830
4,2,840
4,2,845
4,2,850
4,2,850
4,2,850
4,2,850
4,2,850
4,2,850
4,2,850
4,2,860
4,2,875
4,2,890
4,2,900
4,2,900
4,2,900
4,2,900
4,2,930
4,2,940
4,2,950
4,2,950
4,2,950
4,2,950
4,2,975
4,2,980
4,2,995
4,2,995
4,2,1150
4,2,1200
4,2,1250
4,2,1350
4,2,1600
4,2,1685
4,2,2200
4,3,770
4,3,780
4,3,790
4,3,800
4,3,840
4,3,850
4,3,850
4,3,880
4,3,920
4,3,920
4,3,920
4,3,930
4,3,950
4,3,950
4,3,1050
4,3,1050
4,3,1050
4,3,1100
4,3,1100
4,3,1150
4,3,1200
4,3,1200
4,3,1250
4,3,1325
4,3,1495
4,3,1495
4,3,1500
4,3,1650
4,4,950
4,4,1100
5,1,820
5,2,800
5,2,800
5,2,800
5,2,800
5,2,820
5,2,820
5,2,850
5,2,850
5,2,850
5,2,870
5,2,945
5,2,950
5,2,995
5,2,1000
5,2,1200
5,2,1350
5,3,805
5,3,810
5,3,850
5,3,850
5,3,860
5,3,920
5,3,930
5,3,930
5,3,940
5,3,950
5,3,950
5,3,960
5,3,1050
5,3,1100
5,3,1150
5,3,1500
5,3,1500
5,3,2100
5,3,2300
5,4,960
5,4,960
5,4,960
6,2,650
6,2,910
6,2,1080
6,3,750
6,3,1350
6,3,1350
6,4,1000
6,4,1150
6,4,1200
6,4,1300
6,4,1400
