SLAnumber,SLAname,AreaHSnumber,AHSname,StdCostRatio,Supplybeds10000,StdMortalityRatio,Population,ARIAscore,Distance,EducOccScore,ATSI,EconResourcesScore,DisadvantageScore,SydneyMetro,MetroIllawarraHunterCCoast,RuralUrbanIndex,Overcrowded,Oneparentfamilies,Manualclericalwork,Highereduc,Publichousing,Lowincome26000,Verylowincome15600,Elderlyalone,Leftschool15yo,Unemployed,Nocar
10150,Ashfield,100,Central Sydney Area Health Service,85.4741306,38.82929,102.5784,41819,0,10,107.114,0.6737,99.4176,102.57,1,1,17,0.031634,0.085436,0.52062,0.174514,0.011615,0.243219,0.101186,0.03386,0.099234,0.085592,0.24882
11300,Burwood,100,Central Sydney Area Health Service,99.3601946,39.39423,91.35775,29805,0,9,106.85,0.4339,102.474,102.478,1,1,17,0.040168,0.085727,0.516471,0.155674,0.030041,0.236353,0.104832,0.036635,0.102278,0.076923,0.225106
11550,Canterbury,100,Central Sydney Area Health Service,88.4099985,31.9598,90.07983,139483.5,0,8,96.4768,0.5447,95.8926,95.0379,1,1,17,0.037604,0.108348,0.654102,0.100136,0.060904,0.307451,0.129933,0.030145,0.105916,0.121369,0.191982
11900,Concord,100,Central Sydney Area Health Service,100.268592,34.59826,82.81286,24892,0,0,106.555,0.3341,109.035,105.948,1,1,17,0.026958,0.079809,0.508933,0.134706,0.019357,0.18103,0.075619,0.03595,0.124852,0.051368,0.130832
12550,Drummoyne,100,Central Sydney Area Health Service,97.5227313,36.57266,87.14228,32460,0,7,110.236,0.2974,108.764,106.947,1,1,17,0.018574,0.090008,0.414625,0.174795,0.041438,0.197103,0.084303,0.04887,0.132468,0.043074,0.148978
14800,Leichhardt,100,Central Sydney Area Health Service,99.4803881,29.7233,132.2147,61463,0,7,115.109,1.1406,104.749,106.11,1,1,17,0.012571,0.102617,0.358955,0.229298,0.087825,0.186433,0.087973,0.032656,0.102257,0.062716,0.24628
15200,Marrickville,100,Central Sydney Area Health Service,92.570635,28.53841,129.1356,79481.5,0,8,104.14,1.4392,97.8537,98.0581,1,1,17,0.034969,0.101425,0.539103,0.153439,0.02449,0.253763,0.114962,0.023732,0.09244,0.112007,0.27887
17100,Strathfield,100,Central Sydney Area Health Service,96.0422231,39.91195,95.65719,27636.5,0,7,109.8,0.4608,106.162,105.124,1,1,17,0.029034,0.093688,0.456893,0.16211,0.056619,0.217162,0.097375,0.034634,0.095915,0.077002,0.172232
14000,Hornsby,105,Northern Sydney Area Health Service,79.6842891,29.31316,69.08645,145644.5,0.8502,0,113.892,0.2647,115.673,112.597,1,1,16,0.017814,0.073084,0.4132,0.19058,0.012699,0.136906,0.050608,0.028557,0.119331,0.039441,0.088514
14100,Hunters Hill,105,Northern Sydney Area Health Service,84.5897343,41.95225,93.93341,12845,0,5,117.057,0.2674,115.603,112.846,1,1,17,0.013062,0.066171,0.309778,0.197844,0.078806,0.134878,0.057963,0.041858,0.101345,0.036635,0.121927
14500,Ku-ring-gai,105,Northern Sydney Area Health Service,77.2253751,31.44018,59.38019,105880.5,0.0298,6,120.665,0.0939,124.131,117.421,1,1,17,0.011643,0.064787,0.292089,0.248748,0.001112,0.09578,0.038676,0.033807,0.078106,0.034612,0.060511
14700,Lane Cove,105,Northern Sydney Area Health Service,81.8032672,38.11697,76.9827,31442,0,4,118.833,0.1827,114.506,114.312,1,1,17,0.012475,0.071478,0.330605,0.248945,0.018349,0.120859,0.046461,0.040456,0.086359,0.038031,0.135442
15150,Manly,105,Northern Sydney Area Health Service,95.0055664,45.60949,86.69283,37879.5,0.0038,0,114.216,0.2675,111.127,111.112,1,1,17,0.011091,0.079415,0.372728,0.210313,0.018176,0.137458,0.04741,0.048063,0.116476,0.044959,0.178761
15350,Mosman,105,Northern Sydney Area Health Service,81.0775661,45.94626,68.46404,27711,0,3,120.775,0.1021,118.247,116.476,1,1,17,0.008053,0.06518,0.265238,0.275404,0.006316,0.076386,0.02694,0.05344,0.07747,0.032701,0.16152
15950,North Sydney,105,Northern Sydney Area Health Service,78.0672002,37.61587,67.40726,57113,0,0,120.73,0.1636,110.132,114.067,1,1,17,0.005091,0.062818,0.278754,0.300762,0.020864,0.102827,0.04443,0.048466,0.082673,0.038424,0.212943
16370,Pittwater,105,Northern Sydney Area Health Service,90.8795587,32.88562,77.32499,55263.5,0.3511,0,109.911,0.2915,115.188,111.605,1,1,16,0.01624,0.082391,0.447558,0.16206,0.000164,0.140919,0.05001,0.0338,0.138523,0.036485,0.071693
16700,Ryde,105,Northern Sydney Area Health Service,88.7079319,38.52297,84.5097,96966,0,0,109.983,0.2741,106.519,107.342,1,1,17,0.023627,0.0856,0.473296,0.179067,0.037189,0.20184,0.08212,0.036515,0.122741,0.052583,0.137666
18000,Warringah,105,Northern Sydney Area Health Service,97.1860914,40.18483,79.31763,131795,0.1488,9,107.502,0.3661,112.683,109.034,1,1,16,0.020465,0.08346,0.498623,0.154458,0.017024,0.154906,0.053913,0.036147,0.151844,0.035011,0.111032
18250,Willoughby,105,Northern Sydney Area Health Service,79.5510159,38.205,72.74951,57096,0,3,116.592,0.1712,113.838,112.086,1,1,17,0.018304,0.080841,0.347378,0.230743,0.017823,0.141317,0.060385,0.040439,0.091616,0.040639,0.142732
10200,Auburn,120,Western Sydney Area Health Service,96.8449001,27.71257,96.41352,55172,0,0,94.7917,0.8262,94.9699,93.1937,1,1,17,0.05353,0.103142,0.688011,0.095999,0.040339,0.321225,0.133879,0.028415,0.104437,0.143019,0.208835
10500,Baulkham Hills,120,Western Sydney Area Health Service,85.5096064,24.72054,65.77751,127927.5,1.0917,0,111.47,0.2518,120.356,112.758,1,1,16,0.022583,0.065858,0.432652,0.164725,0.008081,0.119286,0.047394,0.012355,0.140524,0.035428,0.034682
10751,BlacktownA,120,Western Sydney Area Health Service,89.3384161,32.65942,106.4598,57974.9077,0.4449,0,88.0308,4.7224,92.0183,85.4379,1,1,15,0.035433,0.211147,0.754482,0.043265,0.293943,0.189443,0.134442,0.009728,0.185922,0.147057,0.197985
10752,BlacktownB,120,Western Sydney Area Health Service,126.143616,29.8086,117.4328,186170.092,0.4449,0,97.78691,1.4756,102.9903,99.84315,1,1,15,0.026844,0.119195,0.655598,0.090113,0.081327,0.14159,0.083967,0.014569,0.160556,0.07594,0.113733
13950,Holroyd,120,Western Sydney Area Health Service,103.934992,29.88286,104.8373,84980.5,0.0143,0,97.8607,0.7692,100.241,98.1638,1,1,17,0.028403,0.116056,0.645634,0.088841,0.079534,0.253272,0.109997,0.028508,0.169467,0.083034,0.154253
16250,Parramatta,120,Western Sydney Area Health Service,88.9530717,29.31273,102.076,143679.5,0,6,103.076,0.8048,100.037,100.366,1,1,17,0.029132,0.105471,0.552552,0.13078,0.098199,0.252383,0.108431,0.032589,0.143636,0.087471,0.173773
10900,Blue Mountains,125,Wentworth Area Health Service,94.7674233,38.64593,97.36028,75362.5,1.3214,17,109.048,0.9682,104.988,107.12,1,1,13,0.010858,0.09762,0.473242,0.146291,0.01328,0.222031,0.083025,0.033556,0.151587,0.067882,0.119431
13800,Hawkesbury,125,Wentworth Area Health Service,102.79647,33.04555,88.1373,60010.5,2.0216,0,100.684,1.368,104.796,103.602,1,1,15,0.017209,0.098081,0.585319,0.091964,0.041291,0.191742,0.077108,0.01809,0.176417,0.055084,0.070135
16350,Penrith,125,Wentworth Area Health Service,103.502468,28.60601,102.0353,169673.5,0.8396,0,97.6318,1.6846,104.45,100.918,1,1,16,0.021332,0.117329,0.648132,0.072479,0.05008,0.196237,0.079997,0.014278,0.177904,0.073788,0.105369
10351,BankstownA,130,South West Sydney Area Health Service,96.1313092,34.30767,86.37097,59912.0077,0.003,0,100.2099,0.7407,105.506,101.9419,1,1,17,0.025846,0.101254,0.607053,0.089093,0.08076,0.17801,0.09143,0.033125,0.206642,0.056288,0.117955
10352,BankstownB,130,South West Sydney Area Health Service,100.711787,35.82527,98.16544,106135.492,0.003,0,95.34668,0.5899,97.01222,93.94888,1,1,17,0.044393,0.114182,0.662662,0.073784,0.127649,0.216254,0.122046,0.031771,0.13886,0.117663,0.159589
11450,Camden,130,South West Sydney Area Health Service,92.9383012,30.00697,87.56765,35448,0.9936,13,101.091,1.0807,108.939,105.118,1,1,13,0.020206,0.083684,0.576075,0.088044,0.029193,0.163971,0.06459,0.018281,0.181195,0.054865,0.05698
11500,Campbelltown,130,South West Sydney Area Health Service,104.81584,24.01862,108.526,148869,0.4941,0,96.0785,2.2591,100.359,96.3643,1,1,15,0.021604,0.152268,0.654624,0.066661,0.157329,0.236485,0.103742,0.010843,0.167445,0.095189,0.123561
12851,FairfieldA,130,South West Sydney Area Health Service,89.1178624,19.83595,75.35103,67603.9837,0.2941,9,95.68161,0.5778,104.7005,98.73611,1,1,15,0.048907,0.090054,0.679672,0.070358,0.048678,0.110748,0.076301,0.006982,0.115784,0.101837,0.070489
12852,FairfieldB,130,South West Sydney Area Health Service,90.0504397,25.59206,105.0148,122280.516,0.2941,9,88.66521,0.7873,92.5082,85.76065,1,1,15,0.05959,0.134455,0.739153,0.057706,0.098554,0.209009,0.140779,0.017828,0.107566,0.203646,0.182237
14900,Liverpool,130,South West Sydney Area Health Service,102.045674,25.59188,109.9614,130745,0.7136,0,94.8568,1.6273,100.209,95.5534,1,1,16,0.035898,0.124263,0.667629,0.072839,0.118507,0.250487,0.112304,0.013569,0.1575,0.103986,0.139468
18350,Wingecarribee,130,South West Sydney Area Health Service,99.9937825,38.56343,97.66532,38707.5,1.2928,4,101.348,0.9843,102.041,102.936,1,1,13,0.0087,0.09941,0.539889,0.107295,0.026281,0.26996,0.103924,0.032928,0.1722,0.074995,0.0789
18400,Wollondilly,130,South West Sydney Area Health Service,95.6938057,27.12448,91.59201,35064,1.6236,26,98.5403,1.4156,105.885,102.843,1,1,13,0.019617,0.086703,0.58958,0.075569,0.013814,0.2107,0.085938,0.017299,0.187981,0.067322,0.05453
13101,GosfordA,135,Central Coast Area Health Service,118.845728,52.58543,117.6636,41595.8108,0.8177,7,94.75383,1.185,97.30196,95.1205,0,1,14,0.015351,0.122474,0.623851,0.066922,0.027438,0.285784,0.143519,0.069023,0.240543,0.11391,0.197129
13102,GosfordB,135,Central Coast Area Health Service,99.9705117,32.84514,94.54965,111106.739,0.8177,7,102.6183,1.0935,102.9688,103.2247,0,1,14,0.012589,0.102197,0.542426,0.104978,0.041316,0.189606,0.093249,0.037315,0.183082,0.078943,0.109455
18550,Wyong,135,Central Coast Area Health Service,113.399839,40.31708,112.7302,123201,0.6632,10,93.37,1.5405,97.4786,94.8152,0,1,13,0.015519,0.12476,0.64586,0.058656,0.03767,0.370419,0.155914,0.049285,0.223666,0.124509,0.126739
11720,Cessnock,140,Hunter Area Health Service,116.949911,42.54733,125.941,45984.5,0.9945,26,89.1626,1.9228,97.6206,92.3835,0,1,13,0.014749,0.117217,0.706856,0.051576,0.03684,0.321,0.145839,0.035594,0.248907,0.13107,0.119153
12700,Dungog,140,Hunter Area Health Service,102.631021,22.91896,89.79065,7895.5,1.4882,52,95.3755,1.8282,98.5057,99.2405,0,1,8,0.008197,0.072212,0.533968,0.082397,0.012404,0.306448,0.122589,0.039566,0.226169,0.086904,0.074723
14650,Lake Macquarie,140,Hunter Area Health Service,92.7742506,33.58099,99.94207,178843,0.4784,20,97.092,1.627,100.599,98.0664,0,1,15,0.013343,0.110232,0.607779,0.089545,0.063759,0.30156,0.124974,0.033538,0.232288,0.10867,0.108415
15050,Maitland,140,Hunter Area Health Service,100.149634,30.43101,107.5337,52130,0.2333,0,95.5583,1.696,100.194,97.1723,0,1,14,0.011364,0.120843,0.634047,0.080956,0.081689,0.275966,0.110231,0.029955,0.220881,0.105029,0.117423
15250,Merriwa,140,Hunter Area Health Service,107.750657,89.55595,119.1944,2340.5,3.1979,148,92.931,1.595,92.3197,97.006,0,1,4,0.009615,0.076207,0.504348,0.067789,0.00813,0.403321,0.165223,0.042091,0.215773,0.079477,0.094595
15600,Murrurundi,140,Hunter Area Health Service,123.10698,46.60816,122.5226,2229.5,2.6943,90,91.1271,1.8929,94.6711,95.1028,0,1,4,0.010067,0.092798,0.551253,0.07156,0.007212,0.389739,0.166255,0.04109,0.22253,0.085062,0.096663
15650,Muswellbrook,140,Hunter Area Health Service,117.040802,37.5533,125.4352,15562.5,2.2778,95,92.0959,2.4868,100.269,96.6783,0,1,8,0.012279,0.09324,0.66886,0.062267,0.081836,0.237416,0.104398,0.023133,0.199267,0.091857,0.101758
15911,NewcastleA,140,Hunter Area Health Service,81.6801722,37.02933,86.81102,51147.0641,0,0,107.7457,0.8048,102.2529,103.6877,0,1,17,0.008622,0.091716,0.477146,0.162491,0.054466,0.228704,0.10601,0.050485,0.18363,0.096349,0.162649
15912,NewcastleB,140,Hunter Area Health Service,104.749971,41.6018,140.0388,87133.9359,0.0984,0,94.60348,1.7734,94.28878,92.60996,0,1,17,0.012498,0.123368,0.66116,0.080248,0.078881,0.285238,0.147165,0.049521,0.225477,0.143332,0.214288
16400,Port Stephens,140,Hunter Area Health Service,92.9136335,31.03897,96.16356,53553,0.5894,54,96.3095,1.9322,98.1236,97.8006,0,1,13,0.010472,0.097255,0.600903,0.080428,0.049731,0.324851,0.131629,0.029734,0.219506,0.116052,0.086713
16800,Scone,140,Hunter Area Health Service,115.494164,49.00181,108.0687,9797,2.4386,120,94.102,1.9962,98.6915,98.5605,0,1,5,0.002361,0.081845,0.613385,0.07302,0.040918,0.252998,0.095749,0.03341,0.201408,0.07694,0.098163
17000,Singleton,140,Hunter Area Health Service,128.373645,40.9497,80.23606,20373.5,1.6852,48,95.631,1.9173,103.935,100.3,0,1,8,0.009219,0.076044,0.626351,0.080614,0.063112,0.198095,0.086578,0.019222,0.19401,0.068331,0.066028
14400,Kiama,145,Illawarra Area Health Service,91.7617802,37.85386,84.37486,18592,0.8029,24,105.792,0.8585,104.955,106.561,0,1,13,0.010335,0.078279,0.489121,0.127471,0.007851,0.258349,0.090815,0.039761,0.177736,0.077655,0.072448
16900,Shellharbour,145,Illawarra Area Health Service,103.591994,32.93947,107.2545,54884,0.498,9,93.1408,1.7972,99.2533,95.5915,0,1,14,0.017293,0.114151,0.682215,0.062692,0.099164,0.289522,0.123219,0.019777,0.192224,0.132037,0.101452
16950,Shoalhaven,145,Illawarra Area Health Service,111.920936,39.8911,105.2828,80210.5,1.5112,32,95.5404,3.2466,95.4758,95.4744,0,1,10,0.010244,0.106757,0.580051,0.072596,0.044057,0.425552,0.176302,0.042658,0.219078,0.144379,0.099381
18451,WollongongA,145,Illawarra Area Health Service,100.879222,37.89381,115.9433,26936.6453,0.4515,2,86.41016,1.9883,91.40484,84.44048,0,1,17,0.034075,0.130608,0.755389,0.043433,0.17126,0.302782,0.18229,0.035943,0.160258,0.18999,0.222058
18452,WollongongB,145,Illawarra Area Health Service,92.886165,32.75326,99.21342,157485.905,0.4515,2,101.6838,1.0741,100.8162,100.0442,0,1,17,0.01631,0.100538,0.565696,0.111888,0.086832,0.217067,0.114314,0.033519,0.173744,0.104528,0.148078
11100,Botany,155,South Eastern Sydney Area Health Service,98.1114096,36.79424,106.2354,36264,0,7,96.1338,1.4063,96.873,95.0169,1,1,17,0.036065,0.122961,0.679273,0.092473,0.120577,0.274989,0.124079,0.03726,0.13469,0.082281,0.242987
14150,Hurstville,155,South Eastern Sydney Area Health Service,89.4951916,32.14217,89.54684,69334.5,0,5,103.585,0.5123,105.174,103.255,1,1,17,0.027206,0.093742,0.556787,0.126866,0.041246,0.228274,0.093583,0.040479,0.161916,0.061375,0.155204
14450,Kogarah,155,South Eastern Sydney Area Health Service,80.0139142,29.80321,72.96027,50475,0,0,107.05,0.3402,108.43,106.197,1,1,17,0.028117,0.082385,0.497977,0.147528,0.010633,0.199708,0.080007,0.038872,0.141123,0.0614,0.13452
16551,RandwickA,155,South Eastern Sydney Area Health Service,98.4137298,32.70274,95.04042,64630.1403,0,0,113.5295,0.5259,103.4802,107.4789,1,1,17,0.014316,0.085852,0.432414,0.208434,0.04089,0.158438,0.069319,0.035558,0.101189,0.062439,0.243499
16552,RandwickB,155,South Eastern Sydney Area Health Service,105.578167,37.26371,94.51615,59718.3597,0,0,105.1618,1.837,102.4467,101.4227,1,1,17,0.027476,0.113856,0.547689,0.128503,0.116639,0.210521,0.104711,0.038393,0.130451,0.068173,0.221864
16650,Rockdale,155,South Eastern Sydney Area Health Service,90.8602936,33.5437,95.99344,89611,0,3,99.9544,0.4184,101.791,99.614,1,1,17,0.038385,0.100887,0.602721,0.108395,0.023284,0.259147,0.109886,0.044244,0.135927,0.078469,0.175431
17070,South Sydney,155,South Eastern Sydney Area Health Service,105.699463,34.53654,179.648,81574,0,7,111.24,2.0323,94.3064,99.3256,1,1,17,0.015002,0.077592,0.419575,0.204086,0.166243,0.256166,0.132036,0.040212,0.092985,0.093425,0.415526
17150,Sutherland Shire,155,South Eastern Sydney Area Health Service,92.3993459,30.00207,76.11867,206580.5,0.4342,0,106.936,0.4972,113.492,108.81,1,1,16,0.018048,0.083321,0.506541,0.130563,0.027099,0.157581,0.059185,0.02732,0.175127,0.041506,0.089005
18050,Waverley,155,South Eastern Sydney Area Health Service,90.2306631,36.6411,90.43347,64856.5,0,4,114.008,0.3875,103.811,108.107,1,1,17,0.012082,0.084087,0.404749,0.210575,0.013902,0.188481,0.07361,0.044379,0.093816,0.070631,0.261076
18500,Woollahra,155,South Eastern Sydney Area Health Service,90.1552604,40.71841,79.24625,53504.5,0,6,120.179,0.2372,115.083,114.823,1,1,17,0.006598,0.067392,0.273434,0.258506,0.003269,0.098327,0.038472,0.052941,0.067173,0.045336,0.196549
10250,Ballina,400,Northern Rivers Health Service,91.6843115,36.62962,98.2045,35253.5,1.1498,13,98.6105,2.1584,96.873,98.7855,0,0,10,0.012319,0.107314,0.552866,0.098409,0.038799,0.37923,0.139394,0.043773,0.191026,0.125746,0.112469
11350,Byron,400,Northern Rivers Health Service,99.887478,35.5441,107.5659,27307.5,1.0466,42,99.4697,1.2298,93.3491,96.4221,0,0,10,0.014597,0.131399,0.522942,0.111301,0.018945,0.436075,0.169664,0.02866,0.160203,0.191613,0.101175
11650,Casino,400,Northern Rivers Health Service,138.66383,71.79885,144.2997,10825,1.1881,29,90.3686,5.8567,93.5609,91.4514,0,0,9,0.013102,0.129571,0.685304,0.049657,0.077059,0.379164,0.14978,0.047986,0.213477,0.121631,0.156087
13201,Grafton and Shire,400,Northern Rivers Health Service,100.116941,42.30016,127.0995,21459,2.47287142,12.7502711,94.08381,3.2998,94.06037,94.62872,0,0,7.18,0.01162,0.102661,0.595264,0.065338,0.036397,0.397849,0.158115,0.035818,0.205039,0.155053,0.111827
14550,Kyogle,400,Northern Rivers Health Service,108.100267,22.93244,94.16871,9881,2.0945,44,94.6237,4.1478,91.8744,94.2657,0,0,4,0.010815,0.108481,0.504471,0.066077,0.017447,0.436242,0.185872,0.03345,0.187834,0.150653,0.104859
14850,Lismore,400,Northern Rivers Health Service,88.9110823,30.46613,96.0797,43540.5,1.106,0,100.194,2.5166,96.1399,98.3946,0,0,12,0.011386,0.125972,0.564656,0.104647,0.040573,0.33746,0.13189,0.029473,0.163175,0.141071,0.123415
15000,Maclean,400,Northern Rivers Health Service,112.932577,49.21167,108.7027,15800.5,2.5282,46,93.0422,2.9149,93.2091,93.8319,0,0,5,0.011194,0.082004,0.565304,0.064302,0.009765,0.474168,0.198004,0.043098,0.231751,0.174594,0.095327
16600,Richmond River,400,Northern Rivers Health Service,106.069926,28.04211,95.48767,9937,1.7242,27,91.5848,2.6842,93.7072,93.739,0,0,8,0.015198,0.093349,0.562481,0.058157,0.011631,0.411941,0.161853,0.033403,0.216523,0.163075,0.090022
17551,Tweed - Pt A,400,Northern Rivers Health Service,98.744544,59.41361,101.0352,40506.5,0.3339,7,92.9405,2.5932,95.212,93.2783,0,0,10,0.012748,0.105216,0.619698,0.063856,0.03134,0.438591,0.167866,0.05262,0.223081,0.158542,0.1277
17552,Tweed - Pt B,400,Northern Rivers Health Service,97.8188348,44.35445,91.14522,26457,0.8575,30,95.5468,1.5367,93.8357,95.7871,0,0,10,0.011086,0.11736,0.558271,0.070757,0.026313,0.415965,0.162972,0.031353,0.190246,0.153425,0.090695
10600,Bellingen,410,Mid North Coast Health Service,109.311924,46.42551,112.491,12519,3.2269,34,96.7601,2.0322,92.809,94.703,0,0,9,0.012727,0.124051,0.522248,0.08504,0.021443,0.462082,0.187743,0.037868,0.196197,0.186096,0.099979
11800,Coffs Harbour,410,Mid North Coast Health Service,99.6737565,37.83082,95.68469,58265.5,2.4426,0,97.0265,2.4444,94.2094,96.1233,0,0,11,0.013115,0.115278,0.572529,0.080224,0.054815,0.396212,0.150353,0.033701,0.192262,0.168238,0.111906
13050,Gloucester,410,Mid North Coast Health Service,100.123984,20.87679,98.75751,4965,2.6809,68,93.826,2.0972,95.6865,97.1188,0,0,7,0.004498,0.078073,0.512905,0.068106,0.029526,0.363736,0.144388,0.04755,0.236503,0.09679,0.097921
13350,Greater Taree,410,Mid North Coast Health Service,102.872122,43.14462,108.2217,43646.5,2.2969,0,94.0132,2.8696,94.474,94.678,0,0,12,0.013096,0.107663,0.591499,0.068239,0.040748,0.420029,0.169077,0.040792,0.215845,0.143451,0.102901
13400,Great Lakes,410,Mid North Coast Health Service,99.4960118,46.42928,98.60106,29447.5,1.8746,35,92.9727,2.2825,93.2965,93.9311,0,0,10,0.008887,0.085567,0.581577,0.065049,0.018393,0.485234,0.199227,0.05306,0.2509,0.153556,0.106186
13750,Hastings,410,Mid North Coast Health Service,101.264357,49.97421,92.07809,58601,2.4138,0,95.7227,1.6256,94.7158,95.7674,0,0,11,0.009957,0.095294,0.569357,0.079452,0.036158,0.439784,0.171283,0.045423,0.220031,0.160733,0.10869
14350,Kempsey,410,Mid North Coast Health Service,124.157172,53.10889,128.4949,26529.5,3.0255,52,92.2699,6.784,91.8785,91.289,0,0,10,0.010856,0.128415,0.596674,0.060272,0.044013,0.453181,0.187925,0.037684,0.218994,0.195587,0.120311
15700,Nambucca,410,Mid North Coast Health Service,112.780806,48.01606,112.2661,17737,3.1404,54,93.562,4.452,91.4544,92.0097,0,0,8,0.01169,0.124418,0.568089,0.063941,0.045665,0.487424,0.210089,0.044123,0.207098,0.193021,0.118886
10101,Armidale and Dumaresq Shire,420,New England Health Service,98.7421968,36.27786,108.3592,25096,2.28166443,1.51782859,108.3845,4.2401,96.68354,103.934,0,0,10.54,0.006304,0.097267,0.484823,0.128466,0.055989,0.290411,0.10582,0.026979,0.113083,0.105656,0.128009
10400,Barraba,420,New England Health Service,154.352313,29.63547,106.9618,2328.5,4.1186,89,92.8746,2.5551,88.5455,92.523,0,0,4,0.004601,0.067401,0.463209,0.06652,0.036424,0.470157,0.243261,0.047137,0.20837,0.130435,0.111593
10700,Bingara,420,New England Health Service,134.326585,46.27153,117.7113,2079,4.2822,150,92.1629,0.1429,88.4815,93.0258,0,0,4,0,0.074798,0.441429,0.053359,0.004706,0.519556,0.214564,0.058599,0.229157,0.118388,0.108392
13001,Glen Innes and Shire,420,New England Health Service,125.735833,48.5760866,108.7124,9127,2.87411612,110.860419,95.0177,3.062614,92.04027,95.29533,0,0,5.34193129,0.00541935,0.1023776,0.50305482,0.06954123,0.03275302,0.4252093,0.18009882,0.04454946,0.20105152,0.11948449,0.1192311
13550,Gunnedah,420,New England Health Service,120.345206,55.75684,137.8991,12951.5,2.8542,75,94.3393,7.7931,95.0821,96.3844,0,0,8,0.00968,0.098448,0.539505,0.065294,0.062157,0.32745,0.134844,0.036898,0.202278,0.094756,0.107934
13650,Guyra,420,New England Health Service,110.872405,36.37567,110.406,4381.5,3.3549,39,90.0762,7.9305,91.7234,91.7176,0,0,4,0.011966,0.107696,0.48267,0.053027,0.027742,0.405085,0.184241,0.035899,0.207649,0.157322,0.112323
14203,Inverell,420,New England Health Service,95.1684328,46.1225304,103.2868,15294,3.51174813,116,94.90142,3.759946,93.33805,95.66046,0,0,5,0.00618342,0.10251185,0.53675681,0.0593991,0.04673634,0.39583233,0.1711552,0.04548194,0.19711094,0.11697103,0.11350365
15100,Manilla,420,New England Health Service,126.577207,30.79609,121.8373,3328,2.8983,44,93.1179,4.6741,91.6279,93.1456,0,0,7,0.011161,0.099523,0.517613,0.062003,0.00254,0.461489,0.21114,0.045151,0.21399,0.142379,0.10231
15300,Moree Plains,420,New England Health Service,139.051879,54.24173,144.7428,15371,5.3011,240,94.847,16.8525,93.8344,94.5809,0,0,3,0.014508,0.13366,0.533856,0.071083,0.073916,0.275539,0.115804,0.022943,0.169749,0.098133,0.13807
15750,Narrabri,420,New England Health Service,143.216602,66.34481,132.8875,14197.5,4.5007,183,95.3371,7.113,94.9803,96.983,0,0,5,0.011196,0.093256,0.523722,0.067938,0.061613,0.298487,0.130525,0.030069,0.197858,0.09059,0.113454
16000,Nundle,420,New England Health Service,121.908497,57.63645,104.4654,1380,2.3746,55,95.9256,3.6649,92.0934,96.946,0,0,7,0.015666,0.079282,0.422642,0.086013,0,0.400581,0.173621,0.030666,0.201197,0.117745,0.057692
16500,Quirindi,420,New England Health Service,130.37421,70.51972,123.6527,4958,2.8706,63,96.0588,6.2808,93.1935,97.5907,0,0,7,0.007205,0.103038,0.496732,0.074713,0.017214,0.361694,0.157136,0.041461,0.195197,0.080757,0.08329
17301,Tamworth and Shire,420,New England Health Service,107.991476,44.0438,102.0085,47567.5,1.93220022,11.1739984,97.77963,4.2325,97.66488,98.84785,0,0,10.98,0.009731,0.109165,0.571005,0.081658,0.059919,0.298317,0.116472,0.034442,0.182475,0.099589,0.104286
17400,Tenterfield,420,New England Health Service,137.517062,86.96763,124.6983,6646,3.275,155,92.7874,4.7327,90.7272,93.1639,0,0,4,0.007558,0.103079,0.514433,0.06249,0.027824,0.449718,0.208507,0.042579,0.213203,0.113236,0.105892
17650,Uralla,420,New England Health Service,92.9602139,34.69381,104.0061,5929,2.9578,22,98.4584,4.5307,96.6874,100.366,0,0,8,0.009422,0.086868,0.536546,0.086868,0.012013,0.359874,0.139938,0.027082,0.175779,0.094655,0.069111
17850,Walcha,420,New England Health Service,104.297335,25.94932,87.91133,3317,3.2156,64,94.977,4.9564,94.3659,98.5611,0,0,7,0.006593,0.073254,0.447143,0.072319,0.021044,0.38162,0.152533,0.037718,0.196696,0.088616,0.098039
18600,Yallaroi,420,New England Health Service,154.521807,25.77704,118.2135,3284.5,4.4785,176,94.9987,1.3015,93.0755,97.6791,0,0,4,0.006601,0.061977,0.398141,0.061357,0.002525,0.42262,0.173578,0.0282,0.183142,0.080622,0.068144
10950,Bogan,430,Macquarie Health Service,124.696639,29.34438,145.0769,3285.5,7.224,166,93.373,8.1229,91.9372,93.9515,0,0,2,0.017751,0.095224,0.525719,0.058716,0.070873,0.373841,0.170169,0.029814,0.19136,0.106757,0.132885
11750,Cobar,430,Macquarie Health Service,123.158103,70.62649,133.4275,5537.5,8.7416,296,94.3456,7.6991,94.0131,95.1482,0,0,3,0.014245,0.095842,0.605222,0.062544,0.069239,0.274137,0.144133,0.019027,0.174947,0.078832,0.137284
11950,Coolah,430,Macquarie Health Service,133.834406,26.40951,94.88021,3861.5,3.5206,112,94.6611,1.9629,91.084,95.7538,0,0,4,0.017341,0.082493,0.434211,0.067905,0.020144,0.472784,0.215216,0.037931,0.201857,0.101548,0.072564
12100,Coonabarabran,430,Macquarie Health Service,134.361666,24.78585,126.8004,6854.5,4.3672,143,94.7244,7.0346,91.0449,94.0272,0,0,5,0.009497,0.093509,0.479951,0.071061,0.039403,0.435296,0.19357,0.038747,0.197455,0.121482,0.11839
12150,Coonamble,430,Macquarie Health Service,154.906595,29.62532,128.2554,4949.5,6.0419,161,94.5303,17.5895,90.3505,92.9007,0,0,2,0.01586,0.128018,0.47619,0.064113,0.051297,0.383191,0.154615,0.033514,0.173813,0.101107,0.158895
12600,Dubbo,430,Macquarie Health Service,108.52082,35.08868,104.7262,36786,2.8186,0,98.4033,7.3949,97.7448,98.7877,0,0,12,0.015554,0.117354,0.586892,0.079017,0.083724,0.274788,0.115126,0.026539,0.167979,0.079995,0.118028
12950,Gilgandra,430,Macquarie Health Service,132.346612,25.9419,122.2991,4827,4.004,66,94.6452,9.0628,92.9577,95.6891,0,0,7,0.016867,0.098266,0.45775,0.053262,0.048077,0.406006,0.180912,0.041495,0.186416,0.093909,0.105047
15400,Mudgee,430,Macquarie Health Service,128.529304,50.66504,108.0043,17671.5,2.856,114,94.0439,1.8742,95.515,95.7419,0,0,9,0.010908,0.092538,0.581211,0.067295,0.039571,0.359083,0.159157,0.03356,0.198665,0.112593,0.104862
15850,Narromine,430,Macquarie Health Service,126.761202,62.61739,141.8487,6720,3.8259,39,94.0048,12.111,94.2533,94.9877,0,0,7,0.005025,0.112372,0.509234,0.061628,0.052296,0.371634,0.152597,0.032347,0.176299,0.118585,0.105198
17950,Warren,430,Macquarie Health Service,177.155515,26.75423,147.9153,3397,5.961,108,94.4864,11.0638,93.3023,95.1752,0,0,2,0.013714,0.08997,0.492578,0.070517,0.058921,0.315741,0.13903,0.02766,0.181459,0.099148,0.113914
18150,Wellington,430,Macquarie Health Service,133.448529,71.07852,128.8271,8932,2.8196,50,95.1045,11.7021,91.5137,93.2671,0,0,8,0.016157,0.142692,0.4954,0.062558,0.048423,0.4279,0.185725,0.0392,0.200624,0.117523,0.145201
10451,Bathurst and Shire,440,Mid Western Health Service,118.771501,41.73777,124.119,20751.5,1.43649281,1.34184727,101.7399,2.5772,99.97592,101.1869,0,0,10.4,0.008544,0.099742,0.570752,0.100505,0.059437,0.246277,0.097346,0.028355,0.152019,0.084742,0.113981
10853,Blayney,440,Mid Western Health Service,144.037574,36.49808,153.7236,4046.5,2.09631242,33,92.82909,0.9008,96.98878,96.96863,0,0,8,0.012412,0.09679,0.590111,0.068293,0.034837,0.293162,0.116532,0.031281,0.201933,0.076934,0.085772
11404,Cabonne,440,Mid Western Health Service,122.22213,57.17805,124.0277,11241,2.55510946,47,96.85633,1.3508,97.04112,99.9183,0,0,7,0.008322,0.070689,0.471833,0.07823,0.011298,0.341858,0.143826,0.035717,0.192011,0.072923,0.069986
12350,Cowra,440,Mid Western Health Service,118.98792,60.71878,117.9871,12487.5,2.2017,71,94.2632,3.9437,93.9813,96.4901,0,0,8,0.00849,0.091306,0.54661,0.068006,0.059942,0.365862,0.146522,0.043553,0.204347,0.092361,0.106597
12900,Forbes,440,Mid Western Health Service,141.485796,53.87171,111.4129,10337,3.1889,116,95.4503,4.0935,94.7927,97.2039,0,0,5,0.007955,0.101203,0.532713,0.065693,0.066127,0.344483,0.13308,0.03768,0.195995,0.092385,0.10156
13300,Greater Lithgow,440,Mid Western Health Service,125.652147,25.60455,130.4539,19858,1.8619,61,91.6272,2.0937,98.3448,94.7572,0,0,10,0.010002,0.103439,0.686617,0.054655,0.072576,0.294632,0.130452,0.035744,0.214204,0.101498,0.137706
14600,Lachlan,440,Mid Western Health Service,172.173793,73.38728,125.405,7482,5.2167,217,94.1649,11.2068,92.7104,95.3399,0,0,2,0.010725,0.09108,0.459337,0.055159,0.043193,0.372935,0.154695,0.03175,0.194269,0.108527,0.113806
16100,Oberon,440,Mid Western Health Service,128.259028,25.13534,100.6123,4604.5,2.1742,45,93.8865,2.0182,98.0678,99.093,0,0,7,0.010554,0.087457,0.606757,0.064453,0.033025,0.259794,0.10167,0.022135,0.189887,0.057888,0.0725
16150,Orange,440,Mid Western Health Service,125.456009,46.91859,115.9916,35210.5,1.7629,0,98.5587,3.0621,98.4879,98.9239,0,0,12,0.009667,0.118243,0.601688,0.090684,0.089882,0.264924,0.106592,0.034772,0.170475,0.082047,0.130424
16200,Parkes,440,Mid Western Health Service,132.632186,57.3893,114.7858,15227,3.446,100,96.2021,4.3714,95.6898,97.5763,0,0,5,0.009288,0.094781,0.54658,0.066631,0.064468,0.325278,0.138036,0.039939,0.189164,0.098885,0.108868
16750,Rylstone,440,Mid Western Health Service,133.735973,41.9065,118.3567,3812,2.7922,95,91.4172,1.6069,94.0271,93.0272,0,0,5,0.00858,0.114622,0.572886,0.053562,0.04304,0.391419,0.173569,0.046331,0.22121,0.121154,0.109354
18100,Weddin,440,Mid Western Health Service,129.111186,38.25241,113.4593,3836,3.0386,51,95.4103,1.0032,94.5922,98.0524,0,0,4,0.002852,0.063622,0.406578,0.066526,0.02045,0.414722,0.16899,0.05755,0.205385,0.102144,0.110962
10300,Balranald,450,Far West Health Service,169.459312,1.552933,122.4254,2950.5,5.7217,158,92.0854,5.7692,93.6688,95.5461,0,0,1,0.012162,0.081646,0.539013,0.045884,0.016009,0.318996,0.128676,0.025304,0.154521,0.074101,0.090818
11150,Bourke,450,Far West Health Service,247.660594,152.7296,216.6404,3877,10.752,375,95.6921,24.7222,89.4597,92.0376,0,0,1,0.029885,0.143986,0.517933,0.062979,0.080488,0.298866,0.139593,0.020005,0.160286,0.081201,0.18927
11200,Brewarrina,450,Far West Health Service,260.508344,137.8644,254.2985,2204.5,9.7406,355,94.2427,53.3516,86.9968,86.5679,0,0,1,0.056485,0.159143,0.512887,0.05016,0.089922,0.355605,0.152866,0.017784,0.153215,0.127109,0.216763
11250,Broken Hill,450,Far West Health Service,100.585811,48.19884,120.2371,21625,3.2651,292,92.9364,3.6196,94.0152,92.1598,0,0,3,0.009022,0.109243,0.635348,0.054786,0.020919,0.394599,0.178127,0.052117,0.23319,0.142734,0.161431
11700,Central Darling,450,Far West Health Service,181.712392,55.66855,273.609,2448,8.4779,384,91.6617,25.2735,86.5079,87.0818,0,0,1,0.005291,0.126367,0.511905,0.059223,0.021898,0.410488,0.172016,0.021879,0.196907,0.128083,0.182618
17900,Walgett,450,Far West Health Service,186.823668,63.36984,181.7877,8306,7.712,311,90.1181,20.6316,84.4881,86.1057,0,0,1,0.022822,0.109123,0.55749,0.055789,0.042175,0.412319,0.188662,0.025497,0.179766,0.182013,0.157356
18200,Wentworth,450,Far West Health Service,113.2,10.82903,136.5015,7175.5,4.6244,29,91.8403,11.3043,93.6155,95.0913,0,0,2,0.013008,0.081573,0.528383,0.056177,0.017901,0.333702,0.129851,0.027467,0.168806,0.084312,0.091473
10050,Albury,460,Greater Murray Health Service,102.901148,60.0124,112.4411,42708.5,0.7742,0,99.5954,1.6557,97.6001,99.5631,0,0,12,0.007628,0.120876,0.593412,0.095418,0.070172,0.280972,0.111642,0.037612,0.152195,0.107214,0.127254
10650,Berrigan,460,Greater Murray Health Service,113.678808,95.92966,116.0531,8264.5,2.5278,92,94.8758,1.0783,96.5553,98.963,0,0,8,0.007889,0.074623,0.496619,0.069109,0.01304,0.357759,0.144716,0.039211,0.168117,0.076317,0.075453
10800,Bland,460,Greater Murray Health Service,113.635334,33.76119,106.9563,6572,4.1123,122,95.1922,2.0805,94.4342,99.0132,0,0,4,0.010777,0.075138,0.433657,0.060171,0.02016,0.377298,0.157918,0.039964,0.207304,0.064223,0.077773
11600,Carrathool,460,Greater Murray Health Service,137.840831,34.98515,92.46593,3167.5,5.8214,289,92.3153,3.9823,95.0188,98.9531,0,0,2,0.007426,0.05689,0.496178,0.053729,0.012059,0.293163,0.091188,0.024336,0.181732,0.060626,0.064545
12000,Coolamon,460,Greater Murray Health Service,125.248187,48.99332,88.19811,4010,2.5783,42,95.0362,1.351,95.7964,99.3786,0,0,7,0.002863,0.06807,0.444818,0.052481,0.004993,0.365114,0.137563,0.041829,0.211484,0.093023,0.079715
12200,Cootamundra,460,Greater Murray Health Service,119.835805,53.30905,114.8693,7663,2.0385,50,94.7754,2.387,94.7133,96.1991,0,0,9,0.006295,0.106879,0.588818,0.066515,0.073274,0.344572,0.148539,0.045997,0.210943,0.092634,0.123383
12300,Corowa,460,Greater Murray Health Service,125.934057,25.12681,98.95034,8405.5,1.9696,44,93.5588,0.6452,98.3738,98.8644,0,0,8,0.005785,0.074254,0.59014,0.066586,0.013943,0.34343,0.131728,0.045283,0.177845,0.068872,0.087437
12450,Culcairn,460,Greater Murray Health Service,120.004602,75.16793,90.55729,4210,2.0188,51,94.7395,0.755,95.0284,98.1856,0,0,7,0.008219,0.079152,0.478599,0.060887,0.011572,0.391297,0.173185,0.041646,0.185095,0.077612,0.066667
12501,Deniliquin and Shire,460,Greater Murray Health Service,135.337968,64.61437,123.5103,9368.5,2.52230211,141.543305,97.76826,2.1229,95.90436,99.66519,0,0,5.54,0.00527,0.091659,0.515246,0.079284,0.040975,0.304695,0.136328,0.037227,0.161586,0.085357,0.101967
13450,Griffith,460,Greater Murray Health Service,117.007931,44.86462,105.5583,22470,3.4211,181,95.0757,3.3945,99.0383,99.2022,0,0,10,0.012031,0.084653,0.582294,0.064925,0.050534,0.250833,0.103124,0.030008,0.155923,0.050263,0.097136
13500,Gundagai,460,Greater Murray Health Service,144.832893,26.61429,115.422,3791.5,2.0263,83,93.6303,1.4224,93.2389,97.2034,0,0,7,0.008097,0.083468,0.542488,0.060118,0.042442,0.395467,0.147301,0.038647,0.192968,0.088834,0.089772
13850,Hay,460,Greater Murray Health Service,144.595062,26.01238,128.9519,3778,5.6371,260,94.0754,2.5903,91.6313,95.6191,0,0,2,0.007246,0.091575,0.545455,0.059655,0.046875,0.321715,0.141651,0.033229,0.155678,0.091603,0.123509
13900,Holbrook,460,Greater Murray Health Service,108.245509,26.40132,103.4835,2615.5,2.2926,64,94.8901,0.8304,94.0821,99.4903,0,0,4,0,0.088968,0.483549,0.072756,0.005382,0.347738,0.147199,0.042705,0.170819,0.084392,0.060638
14050,Hume,460,Greater Murray Health Service,98.0058751,34.2299,84.51796,7080.5,1.4742,5,100.34,1.0095,102.479,104.457,0,0,8,0.005908,0.054426,0.496296,0.092612,0,0.249674,0.102908,0.015655,0.152743,0.074618,0.025721
14250,Jerilderie,460,Greater Murray Health Service,79.0210628,54.5895,58.8713,1918.5,3.4011,129,95.5312,1.6327,98.0293,102.403,0,0,4,0.005693,0.04949,0.396825,0.064286,0.01273,0.280379,0.110447,0.028061,0.162755,0.047284,0.072222
14300,Junee,460,Greater Murray Health Service,102.558506,31.26094,131.2249,5913.5,2.0409,42,92.6228,2.4848,95.1041,95.6373,0,0,8,0.010145,0.088271,0.572165,0.046394,0.051581,0.313361,0.140377,0.032146,0.180886,0.092817,0.108981
14750,Leeton,460,Greater Murray Health Service,123.973087,23.35173,101.217,11456.5,2.8487,127,95.6278,2.9009,98.4056,98.9817,0,0,6,0.006159,0.085577,0.580728,0.06382,0.055215,0.273211,0.109261,0.032998,0.170247,0.067,0.099712
14950,Lockhart,460,Greater Murray Health Service,122.353613,44.9033,115.1391,3552,2.2988,64,97.4463,1.5199,97.7324,102.022,0,0,7,0.011352,0.078291,0.412043,0.070261,0.00978,0.323649,0.125164,0.041583,0.180671,0.059198,0.063607
15500,Murray,460,Greater Murray Health Service,106.912022,63.29058,88.67171,5509.5,2.4505,73,95.0206,3.7037,96.2344,98.793,0,0,7,0.012632,0.082346,0.491421,0.061478,0.001586,0.370423,0.15512,0.032713,0.159052,0.07338,0.063992
15550,Murrumbidgee,460,Greater Murray Health Service,126.989522,46.70059,127.1252,2576.5,4.001,156,92.0094,7.1997,95.9589,98.0279,0,0,4,0.009449,0.071578,0.540968,0.063625,0.010638,0.251094,0.110683,0.024697,0.177899,0.050532,0.067873
15800,Narrandera,460,Greater Murray Health Service,141.470344,61.16939,131.7529,7054.5,2.7984,97,93.9203,7.1979,95.0591,96.081,0,0,5,0.014062,0.098306,0.535873,0.057135,0.045749,0.332564,0.13495,0.03865,0.19227,0.07813,0.122876
17350,Temora,460,Greater Murray Health Service,133.412644,72.44981,123.0693,6029.5,2.8029,80,96.1988,0.7947,94.1975,98.324,0,0,8,0.005848,0.090125,0.478199,0.057998,0.036799,0.369829,0.138982,0.055462,0.199696,0.104061,0.106364
17450,Tumbarumba,460,Greater Murray Health Service,125.628969,24.18081,86.92425,3776,3.0396,110,93.8532,1.0518,95.2124,99.0382,0,0,4,0.003155,0.064766,0.546169,0.06698,0.014537,0.301336,0.124666,0.042347,0.17437,0.057125,0.066617
17500,Tumut,460,Greater Murray Health Service,127.970784,49.1385,126.9709,11303.5,1.9177,102,92.0057,2.6025,95.8177,95.2182,0,0,8,0.008412,0.097525,0.620531,0.063191,0.059186,0.322647,0.134252,0.040544,0.19706,0.078974,0.10315
17700,Urana,460,Greater Murray Health Service,127.455979,33.20234,143.344,1576.5,2.8203,110,92.9825,1.336,92.5268,97.7256,0,0,4,0.007407,0.0501,0.473862,0.046092,0.005607,0.317472,0.114598,0.04008,0.182365,0.076443,0.062612
17750,Wagga Wagga,460,Greater Murray Health Service,113.147699,34.76393,105.5066,56331.5,1.7484,0,100.352,2.5667,98.9333,100.733,0,0,12,0.009806,0.106504,0.583678,0.095355,0.077465,0.25368,0.102117,0.029684,0.156595,0.083219,0.107202
17800,Wakool,460,Greater Murray Health Service,93.2972407,13.01934,80.11111,4871,3.8497,140,95.8956,1.4167,94.1875,100.876,0,0,2,0.003162,0.047156,0.423608,0.066181,0.0053,0.382557,0.156197,0.033394,0.151994,0.058401,0.058625
10550,Bega Valley,470,Southern Health Service,114.967603,45.97722,95.54134,28460,4.2871,221,96.7597,1.7923,93.7844,98.1247,0,0,8,0.00836,0.085387,0.552454,0.081505,0.033618,0.392155,0.153264,0.035119,0.176426,0.125384,0.083611
11000,Bombala,470,Southern Health Service,131.569384,16.27978,127.0881,3005.5,3.9393,201,93.1831,0.7901,94.5418,98.2715,0,0,4,0.003942,0.066987,0.536991,0.062865,0.019663,0.308891,0.12761,0.044658,0.189282,0.078446,0.08218
11050,Boorowa,470,Southern Health Service,128.375947,98.72467,142.1688,2480,2.2059,45,95.096,1.4731,91.2844,96.9246,0,0,4,0.013932,0.088384,0.440087,0.071128,0.00973,0.441338,0.194705,0.046296,0.199916,0.092702,0.083864
12050,Cooma-Monaro,470,Southern Health Service,68.1445092,40.19197,102.8954,9686.5,1.9175,116,101.217,0.5682,96.2887,102.548,0,0,9,0.007781,0.077686,0.534521,0.093595,0.040541,0.287418,0.109545,0.036157,0.157128,0.081075,0.101961
12400,Crookwell,470,Southern Health Service,134.839681,84.62712,97.14545,4453,2.146,45,95.7075,0.8706,96.4719,98.5367,0,0,4,0.011785,0.078588,0.462994,0.057882,0.018987,0.361256,0.164412,0.038118,0.188,0.062565,0.069943
12750,Eurobodalla,470,Southern Health Service,104.949627,42.79644,100.3558,30808,2.3989,150,96.5255,3.7245,94.0052,96.5642,0,0,8,0.008869,0.096331,0.556515,0.076658,0.025292,0.460974,0.175096,0.046901,0.202746,0.162974,0.092517
13151,Goulburn and Shire,470,Southern Health Service,106.272843,37.96653,124.3719,27214,0.75781195,6.90897015,97.76525,1.3416,98.08132,98.98898,0,0,9.36,0.008508,0.105929,0.593978,0.077884,0.073978,0.270487,0.11807,0.035983,0.192928,0.073457,0.120187
13700,Harden,470,Southern Health Service,119.325417,24.16526,88.2827,3862.5,2.0632,32,94.0167,2.1203,93.9778,95.8639,0,0,4,0.006737,0.092764,0.506024,0.06626,0.020994,0.386758,0.171379,0.047972,0.192685,0.099936,0.1
16450,Queanbeyan,470,Southern Health Service,103.70267,76.02576,118.3893,28496.5,0.0917,15,98.9712,2.5571,100.876,100.786,0,0,13,0.012139,0.10553,0.617699,0.085978,0.060817,0.219773,0.094703,0.024331,0.13898,0.086225,0.111728
17050,Snowy River,470,Southern Health Service,113.557202,32.21229,70.52889,6298,2.8515,176,106.288,0.469,97.9831,109.205,0,0,9,0.00907,0.017009,0.462291,0.187489,0.003161,0.251245,0.099605,0.005594,0.111262,0.039596,0.052982
17250,Tallaganda,470,Southern Health Service,101.855345,23.50227,122.5176,2589.5,1.721,82,99.0789,0.7025,94.3421,99.873,0,0,7,0.004298,0.104545,0.446686,0.105372,0.019309,0.37355,0.156063,0.042149,0.169835,0.078276,0.076617
18700,Yass,470,Southern Health Service,106.743181,67.61864,99.66677,9387,1.5713,57,101.274,1.6214,102.247,104.3,0,0,9,0.008297,0.078769,0.50175,0.109224,0.034873,0.240331,0.091501,0.030346,0.159947,0.069475,0.071278
18750,Young,470,Southern Health Service,121.685012,46.65626,119.7728,11358,2.3827,85,96.1553,1.2946,94.5075,97.7458,0,0,5,0.009193,0.096506,0.537687,0.06482,0.044228,0.357257,0.148232,0.04943,0.182781,0.085047,0.108965
