ID,FamilyImp,FrndsImp,LesrImp,PoltcImp,WorkImp,RelgnImp,FeelHappy,StateofHlth,SatisfLife,Sex,Age,HighEducLev,SocialClass,Income,SizeTown,VeryHappy,AgeGroup4,MostTrusted,MaritalStatus,HwManyMembershp
1003,1,1,1,3,3,2,1,4,10,,,,, , ,1, ,0,2,0
1015,1,1,1,3,,3,1,1,10,2,61,6,2,7,5,1,3,1,2,0
1060,1,2,3,3,2,4,2,1,7,1,48,8,3,2,1,0,2,1,2,0
1087,1,1,1,2,3,4,1,1,9,2,32,9,2,9,7,1,1,1,1,0
1104,1,1,2,3,2,4,2,1,7,1,43,9,2,10,7,0,2,1,2,0
1111,1,2,2,2,1,4,1,1,9,1,31,8,2,10,7,1,1,0,2,0
1123,1,2,2,3,2,1,2,1,9,2,37,8,4,5,5,0,2,1,2,0
1125,1,2,1,4,2,1,1,2,6,1,33,9,4,5,7,1,1,0,1,0
1147,1,3,2,4,3,4,1,1,10,2,60,7,2,9,7,1,3,1,2,0
1158,1,1,3,4,1,1,2,1,9,1,61,6,3,9,7,0,3,0,2,0
1162,1,1,2,3,2,3,2,2,,2,19,8,4,4,7,0,1, ,1,0
1163,1,1,2,2,2,4,2,2,8,2,58,6,3,2,7,0,3,0,2,0
1165,1,1,2,3,3,4,2,1,8,1,19,8,, ,7,0,1,1,1,0
1215,1,1,1,3,2,3,3,3,4,1,61,6,,9,7,0,3,0,1,0
1234,1,2,2,,2,,2,4,7,2,65,,,1,7,0,4,0,2,0
1239,2,,,,,,2,3,7,1,76,1,4, ,7,0,4,0,2,0
1247,1,1,1,,2,2,2,3,5,1,35,6,4,6,7,0,2,1,2,0
1265,1,1,2,2,1,2,1,2,7,2,45,8,4,4,7,1,2,1,3,0
1303,1,2,2,3,2,3,2,2,8,1,63,6,3,6,7,0,3,0,2,0
1321,2,2,2,3,2,4,1,2,8,1,27,7,4,9,7,1,1,0,2,0
1332,1,1,2,2,2,3,2,2,8,2,26,7,,3,7,0,1, ,1,0
1457,1,2,1,4,2,4,2,2,7,1,53,8,,10,7,0,3,1,2,0
1458,1,1,1,3,2,3,2,2,9,2,49,7,2,4,7,0,2,1,2,0
1466,1,2,1,3,2,4,2,2,8,1,59,8,,7, ,0,3,1,2,0
1482,1,3,2,2,2,4,2,3,5,1,36,6,4,10,7,0,2,1,2,0
1483,1,1,2,3,2,4,2,1,5,2,39,7,4,6,7,0,2,1,3,0
1495,1,1,2,3,4,4,1,1,10,2,56,7,2,9,4,1,3,1,2,0
1498,1,2,1,3,1,,1,2,9,1,43,3,4, ,4,1,2,0,1,0
1499,1,2,1,2,1,4,1,1,9,2,38,7,3,9,6,1,2,1,2,0
1516,1,1,2,4,2,4,2,1,7,2,61,6,4, ,5,0,3,1,3,0
1539,1,1,2,,2,2,2,1,8,2,22,8,3,6,6,0,1,0,1,0
1546,3,2,3,2,2,3,2,3,7,1,56,3,3,6,7,0,3,0,2,0
1552,1,3,3,3,2,3,2,2,5,2,50,7,3,9,7,0,3,0,2,0
1560,1,2,2,3,1,4,2,2,,1,79,3,4,2,4,0,4,0,2,0
1567,1,2,2,3,2,4,2,1,7,1,37,8,3,8,7,0,2,0,2,0
1575,1,1,1,2,,2,3,3,7,2,79,6,4, ,5,0,4,0,3,0
1576,1,1,3,3,3,4,2,3,9,1,73,7,4,2,7,0,4,0,2,0
1587,1,2,1,3,1,3,1,1,9,2,52,7,4,10,7,1,3,1,2,0
1626,1,1,1,4,1,4,2,1,9,1,37,8,3,10,6,0,2,0,2,0
1692,1,1,1,2,2,4,3,3,6,1,35,7,4,8,3,0,2,0,1,0
1693,1,2,1,1,2,3,1,2,8,1,39,7,,6,3,1,2,1,2,0
1702,1,2,3,3,3,3,1,2,9,2,60,6,4,5,7,1,3,0,2,0
1705,1,2,1,2,2,4,2,3,8,2,55,6,3,9,7,0,3,1,2,0
1727,2,2,2,3,2,4,2,2,6,2,35,8,2,8,5,0,2,1,2,0
1731,1,2,2,3,3,3,2,2,5,2,30,6,5,3,6,0,1,0,2,0
1734,2,2,2,2,2,4,2,2,8,1,30,7,4,6,7,0,1,1,2,0
1748,3,3,3,3,3,4,2,2,5,2,28,7,2,9,7,0,1,0,1,0
1762,1,1,1,4,2,4,2,2,8,2,49,6,3,6,7,0,2,1,2,0
1763,1,1,2,2,2,2,2,2,4,2,21,7,,2,3,0,1,1, ,0
1810,1,1,2,3,2,4,2,1,8,2,46,9,3,9,4,0,2,0, ,0
1816,1,2,2,2,1,4,1,2,8,2,27,6,2,7,4,1,1,0, ,0
1824,1,1,4,2,1,4,,1,8,2,38,6,4,4,2, ,2,0,3,0
1834,1,1,2,3,2,4,1,1,10,2,27,6,5,1,4,1,1,0,1,0
1840,1,1,1,3,2,3,2,2,8,2,28,8,,9,1,0,1, ,2,0
1862,1,1,1,1,4,4,1,2,10,1,72,6,4, ,4,1,4, ,2,0
1880,1,2,1,4,2,4,2,2,8,2,43,6,3,6,3,0,2,0,2,0
1886,1,1,1,3,1,4,2,2,7,1,57,6,,6,1,0,3,0,2,0
1927,1,1,1,3,2,3,2,1,,2,36,7,2,10,7,0,2,0,2,0
1934,1,1,1,3,1,2,2,3,4,2,28,8,,4,7,0,1,0,2,0
1950,1,1,1,3,2,4,2,1,7,1,25,9,3,8,1,0,1,0,2,0
1993,1,2,2,,2,1,2,2,,2,55,1,2,4,4,0,3,1,2,0
2063,1,3,1,2,1,3,3,2,3,1,53,6,4,4,2,0,3,0,3,0
2068,1,2,3,4,1,2,,1,,2,47,6,3,6,6, ,2,0,2,0
2150,1,2,3,4,3,4,2,2,7,1,44,6,4,1,5,0,2,1,1,0
2169,1,2,2,3,2,,2,,9,2,23,6,2,5,2,0,1,0,2,0
2221,1,2,2,3,2,3,1,1,9,1,30,8,4,10,6,1,1,0,1,0
2226,2,1,1,3,3,4,2,2,6,1,25,8,3,10,6,0,1,0,1,0
2257,1,1,1,2,2,2,2,2,8,2,69,1,4,2,1,0,4,1,1,0
2265,1,1,1,2,2,4,1,1,10,2,38,6,4,9,3,1,2,0,2,0
2270,1,1,1,3,2,,2,2,10,2,61,6,4,2,3,0,3,0,2,0
2290,1,2,3,3,4,3,2,3,,1,72,6,4,1,4,0,4,0,3,0
2293,1,1,1,,1,3,1,3,10,2,61,6,,1,4,1,3,0,2,0
2304,1,2,2,3,2,4,2,3,5,2,63,6,3,2,3,0,3,1,2,0
2365,1,1,1,2,3,4,2,2,8,1,30,9,2,10,7,0,1,1,1,0
2372,1,2,2,2,3,3,2,2,7,1,38,8,3,8,7,0,2,1,2,0
2411,1,2,1,1,1,3,2,2,8,1,43,9,3,8,7,0,2,1,2,0
2425,1,1,1,2,2,3,2,2,10,1,74,7,4,7,5,0,4,0,2,0
2450,1,1,1,,1,,1,2,10,2,52,7,3, ,5,1,3,1,2,0
2453,1,2,1,1,2,1,1,2,10,1,73,3,, ,4,1,4,1,2,0
2476,1,2,2,4,2,1,2,2,6,1,33,8,5,5,7,0,1,1,1,0
2487,1,1,1,3,2,4,1,1,10,2,47,6,2,10,7,1,2,1,2,0
2493,1,2,2,4,2,4,2,1,7,1,23,8,4,8,5,0,1,0,1,0
2494,1,1,1,3,2,3,2,2,8,2,47,6,2,10,5,0,2,1,2,0
2531,1,1,1,4,2,4,1,2,9,1,43,6,4,6,5,1,2,0,3,0
2546,1,2,2,3,1,4,2,3,5,2,22,8,4,3,5,0,1,1,1,0
2551,1,1,1,2,2,2,3,4,4,1,32,8,4,8,5,0,1,0,1,0
2556,1,2,2,3,2,4,2,3,3,1,55,8,2,8,2,0,3,1,2,0
2564,1,1,2,2,2,2,1,2,10,2,60,6,4,1,3,1,3,1,1,0
2569,1,1,1,3,2,4,1,2,8,2,49,6,4,6,4,1,2,1,2,0
2576,1,1,2,3,2,4,1,2,7,1,50,7,3,8,1,1,3,1,2,0
2589,1,1,1,2,1,4,1,2,9,1,72,3,4,2,3,1,4,0,2,0
2594,1,1,1,2,,4,1,2,8,1,69,3,4,2,3,1,4,0,2,0
2596,1,,,,,,2,3,8,2,74,7,4,3,3,0,4,1,3,0
2598,1,1,1,2,2,3,1,2,8,2,25,6,4,5,2,1,1,1,2,0
2607,3,2,1,4,3,4,2,1,9,2,19,9,2,2,6,0,1,0,1,0
2625,2,2,2,2,2,4,2,2,10,1,54,7,3,7,7,0,3,1,3,0
2629,1,2,1,2,1,3,1,1,10,2,52,7,2,9,7,1,3,0,2,0
2633,1,1,1,2,3,4,2,3,8,1,75,6,4,2,7,0,4,0,3,0
2666,1,1,1,2,1,3,2,2,10,1,62,6,4,5,3,0,3,0,2,0
2669,1,2,1,3,2,4,2,3,8,2,42,6,3, ,4,0,2,0,3,0
2671,1,1,1,2,2,4,2,1,8,2,32,8,2,10,7,0,1,1,2,0
2708,1,1,1,3,1,4,1,1,10,2,28,7,4,5,7,1,1,1,2,0
2716,1,3,2,3,2,4,2,3,6,1,67,6,4, ,7,0,4,0,2,0
2718,1,1,1,1,1,3,2,3,6,2,50,6,4,4,5,0,3,1,1,0
2742,1,1,2,2,1,4,1,1,9,1,36,9,3,9,3,1,2,1,2,0
2755,1,2,2,2,1,2,1,1,10,2,50,6,4,8,1,1,3,0,2,0
2782,1,1,1,3,2,4,2,1,10,2,32,9,4,8,2,0,1,1,2,0
2820,1,1,1,3,2,3,2,2,6,1,18,8,3,1,5,0,1,0,1,0
2835,2,3,1,4,3,4,1,2,9,2,49,6,4,7,1,1,2,1,2,0
2841,1,1,4,4,4,4,2,2,,1,74,3,3,2,6,0,4,1,2,0
2844,1,1,2,3,2,4,1,3,10,1,74,3,5,2,6,1,4,1,2,0
2845,1,2,2,,3,,2,2,8,1,70,8,4, ,7,0,4,1,2,0
2849,1,2,1,3,2,2,1,3,9,1,62,6,3,8,7,1,3,1,2,0
2882,1,1,1,3,2,4,1,1,9,2,37,9,2,6,7,1,2,1,2,0
2888,1,1,1,3,2,4,2,3,4,2,72,7,4,4,7,0,4,0,2,0
2911,1,2,2,4,1,4,1,1,10,1,54,6,4,8,3,1,3,0,2,0
2936,1,1,2,4,2,4,2,3,7,2,26,6,4,6,5,0,1,0,2,0
2943,1,2,1,3,2,4,2,3,7,1,30,8,4,4,6,0,1,1,1,0
2950,1,1,1,4,1,4,1,1,10,1,69,1,3,6,1,1,4,1,2,0
2976,1,1,,3,1,3,1,1,10,2,54,6,4,6,3,1,3,1,2,0
1004,1,2,3,3,2,1,1,2,9,2,31,7,3,8,5,1,1,0,2,1
1051,1,1,2,3,2,4,1,2,9,2,70,7,3,3,3,1,4,1,2,1
1062,1,1,2,2,1,2,1,1,8,1,20,8,2,4,1,1,1,0,1,1
1103,1,3,1,2,2,3,2,2,7,1,53,7,2,9,7,0,3,0,2,1
1106,3,1,1,3,2,3,2,3,6,1,41,8,2,9,7,0,2,0,2,1
1100,1,2,2,3,4,4,2,1,9,1,56,9,,4,7,0,3,1,2,1
1115,1,1,2,3,3,1,2,2,7,2,26,8,3,8,7,0,1,0,2,1
1133,1,1,1,3,2,2,1,1,9,2,54,8,2,9,7,1,3,1,3,1
1155,2,1,1,2,1,4,1,1,5,2,35,8,5, ,4,1,2,0,2,1
1185,1,1,1,2,2,2,2,1,7,1,43,9,2,9,7,0,2,1,2,1
1290,1,1,2,3,2,3,2,3,6,2,19,6,3,6,3,0,1,0,1,1
1362,1,1,1,2,1,3,2,2,8,2,50,8,3,7,3,0,3,0,2,1
1365,1,2,2,2,2,3,2,3,8,2,37,6,3,8,3,0,2,1,2,1
1436,1,1,1,2,2,4,1,1,9,2,43,9,,9,7,1,2,0,2,1
1477,1,1,2,2,2,4,2,2,7,1,59,8,3,7,7,0,3, ,2,1
1573,1,1,3,1,1,3,2,2,8,2,42,8,,1,7,0,2,1,3,1
1681,1,,,,,,3,3,5,2,64,7,4,3,1,0,3,0,2,1
1690,1,2,2,2,2,2,1,2,7,2,68,7,2,6,1,1,4,1,2,1
1725,1,1,1,3,2,4,2,1,7,1,35,9,2,10,7,0,2,0,2,1
1735,1,2,1,2,2,4,2,1,9,1,31,7,2,9,7,0,1,0,2,1
1736,1,1,2,3,2,4,2,1,7,2,34,8,2,9,7,0,1,0,2,1
1811,1,1,1,3,1,3,1,1,8,2,40,8,3,8,3,1,2,0,2,1
1895,1,1,2,3,2,4,1,2,9,1,30,8,3,8,1,1,1,0,2,1
1944,1,1,1,2,1,3,1,2,9,1,46,6,2,9,3,1,2,1,2,1
1961,1,2,2,3,2,3,2,2,9,1,40,7,4,8,2,0,2,0,2,1
1972,1,,3,4,,2,2,2,8,2,44,6,3, ,4,0,2,0,2,1
2004,1,2,2,4,2,4,2,3,7,1,36,7,3,9,6,0,2,1,2,1
2037,1,2,2,3,2,3,2,2,10,1,57,6,3,4,5,0,3,1,2,1
2064,1,1,1,2,2,3,2,1,6,2,22,6,5, ,5,0,1,1,3,1
2065,1,2,2,3,1,1,2,1,10,2,37,8,4,5,5,0,2,1,2,1
2078,1,2,1,3,3,3,2,2,8,2,61,6,3,1,6,0,3,0,2,1
2099,1,1,1,2,1,1,2,2,7,1,32,8,2,9,1,0,1,0,2,1
2109,1,2,1,3,2,3,1,1,10,2,52,6,2,10,6,1,3,1,2,1
2124,1,1,1,3,2,3,1,1,10,2,42,6,2,8,5,1,2,0,2,1
2149,1,2,1,3,2,3,2,2,8,1,41,7,3,6,5,0,2,0,2,1
2195,2,1,2,3,2,2,2,2,6,1,28,7,3,9,4,0,1,0,2,1
2211,1,1,3,4,2,4,2,3,5,2,58,6,4,1,6,0,3,0,2,1
2223,1,2,2,2,1,3,2,3,6,1,31,7,3,7,6,0,1,0,2,1
2247,1,2,2,4,1,2,3,1,4,2,44,1,5,2,3,0,2,0,3,1
2269,1,1,1,2,1,2,2,1,8,2,56,8,2,8,1,0,3,1,2,1
2325,1,1,1,3,,4,1,2,9,2,35,9,2,9,7,1,2,1,2,1
2441,1,1,1,3,4,3,1,2,10,1,66,6,3,6,3,1,4,1,2,1
2471,1,1,1,3,3,3,2,2,7,2,40,9,, ,7,0,2,1,2,1
2482,1,1,1,2,1,2,1,1,9,2,36,7,2,10,7,1,2,1,2,1
2511,1,2,2,3,4,4,1,2,10,2,72,6,2,6,3,1,4,1,2,1
2519,1,2,1,3,1,4,2,2,7,1,60,6,, ,7,0,3,0,2,1
2528,1,3,3,3,2,4,2,2,8,1,73,7,4,2,5,0,4,0,2,1
2530,1,2,1,3,3,3,2,2,8,2,45,7,3,8,6,0,2,0,2,1
2549,1,1,2,3,1,1,1,1,9,2,44,7,3,9,6,1,2,0,2,1
2550,1,1,1,3,1,3,2,1,3,2,36,7,4,6,5,0,2,1,2,1
2565,1,2,1,4,3,4,1,2,8,2,47,9,2,9,2,1,2,0,2,1
2597,2,2,1,3,1,4,2,2,6,2,52,8,2, ,5,0,3,0,3,1
2599,2,2,1,3,2,3,1,1,8,2,48,8,3,8,7,1,2,1,2,1
2683,1,1,2,2,3,4,2,1,8,1,30,9,,9,7,0,1,1,1,1
2688,1,1,3,3,4,1,2,2,7,2,83,3,4,1,7,0,4,0,3,1
2737,1,2,,3,2,3,2,3,10,1,56,6,4,9,7,0,3,1, ,1
2767,1,2,2,3,2,4,1,2,8,1,44,8,3,7,1,1,2,1,2,1
2815,1,2,3,3,2,,2,3,5,2,36,9,3,9,4,0,2,0,2,1
2821,1,1,1,2,2,4,1,1,9,2,55,6,3,6,1,1,3,1,2,1
2836,1,2,3,2,1,1,2,1,9,2,42,8,4,3,1,0,2,1,2,1
2838,2,1,1,3,1,4,2,2,10,2,19,8,3, ,5,0,1,1,2,1
2840,1,2,1,3,,4,1,2,,1,78,8,3,5,7,1,4,1,2,1
2878,1,1,1,3,1,,2,1,8,2,20,8,2,8,6,0,1,0,1,1
2896,1,1,2,4,2,4,2,4,9,1,62,8,2,9,1,0,3,1,2,1
2917,1,1,1,2,2,4,1,1,8,2,34,9,4,7,3,1,1,1,2,1
2977,2,2,1,4,1,4,2,2,8,2,46,6,4,7,4,0,2,1,2,1
1041,1,4,1,3,,2,2,2,10,2,60,8,3,7,2,0,3,1,2,2
1056,1,1,1,3,1,4,1,2,9,1,47,7,4,6,1,1,2,0,2,2
1127,1,1,1,3,2,4,1,1,9,2,25,9,2,10,7,1,1,1,2,2
1135,1,1,2,3,1,1,1,2,6,2,42,6,4,7,4,1,2,0,2,2
1152,1,1,1,2,1,3,2,2,,2,40,9,2,10,7,0,2,1,2,2
1175,1,1,1,2,2,3,1,1,10,2,44,1,3,5,7,1,2,1,2,2
1251,1,2,3,4,4,4,2,4,10,1,80,6,, ,7,0,4,0,2,2
1291,1,1,1,3,3,2,2,1,7,2,38,9,3,6,7,0,2,1,2,2
1312,1,1,1,3,2,4,1,1,8,2,42,6,3,6,7,1,2,1,3,2
1315,1,2,3,3,1,2,2,2,7,2,32,8,4,9,7,0,1,0,2,2
1344,1,1,2,3,2,4,2,1,7,2,26,8,2,10,7,0,1,1,2,2
1357,1,1,1,2,2,3,1,2,8,1,44,8,3,4,7,1,2,1,2,2
1393,1,1,1,1,1,3,1,1,8,1,54,1,2,10,7,1,3,1,2,2
1395,1,2,3,2,1,3,3,3,6,1,35,9,2,10,7,0,2,1,3,2
1418,1,1,2,3,2,4,1,1,9,1,40,9,2,10,7,1,2,0,2,2
1420,1,2,2,3,2,4,3,2,3,1,36,9,3,8,7,0,2,0,1,2
1429,1,1,1,3,2,4,2,3,2,1,53,6,4,2,7,0,3,1,3,2
1441,1,1,2,3,2,4,2,1,7,2,33,9,2,10,7,0,1,1,2,2
1448,2,2,3,2,1,3,2,3,4,1,42,9,5,6,7,0,2,0,2,2
1474,1,2,2,3,2,3,1,1,9,1,49,9,2,10,7,1,2,1,2,2
1496,1,1,1,3,3,4,2,2,7,2,46,8,2,10,1,0,2,1,2,2
1500,1,1,1,4,2,4,2,1,9,1,35,6,2,9,5,0,2,0,2,2
1528,1,2,1,,2,,2,3,7,1,44,7,4,7,7,0,2,0,2,2
1586,1,3,3,2,1,1,1,2,7,,,,, ,7,1, ,0,2,2
1624,1,2,2,3,,3,2,2,9,1,44,6,4,5,7,0,2,0,2,2
1642,1,2,2,2,2,3,1,1,9,1,53,9,2,10,7,1,3,1,2,2
1655,1,2,1,3,2,4,2,1,7,1,29,7,3,10,7,0,1,1,2,2
1662,1,1,2,3,,4,2,2,9,2,49,7,3, ,7,0,2,0,2,2
1697,1,1,1,3,1,3,2,1,8,2,34,8,2,10,7,0,1,0,2,2
1704,1,1,2,3,2,4,2,2,7,1,55,7,2,10,7,0,3,0,2,2
1747,1,2,2,4,3,4,2,2,4,2,26,9,5,2,5,0,1,0,1,2
1764,1,1,1,1,2,2,1,1,9,1,58,6,4,5,3,1,3,1,2,2
1795,1,1,1,2,1,3,2,3,5,,,,4,5,3,0, ,0,2,2
1809,2,2,2,4,1,4,2,2,6,2,40,7,4, ,3,0,2,0, ,2
1812,1,1,2,3,2,4,1,2,9,2,39,7,3,8,4,1,2,0, ,2
1845,1,2,,2,1,2,2,4,8,2,22,8,4, ,6,0,1,0, ,2
1853,2,3,2,4,1,4,2,2,10,1,44,8,4,6,1,0,2,0,1,2
1869,1,2,2,4,2,1,1,1,8,2,40,7,4,5,4,1,2,0,2,2
1870,1,1,2,3,1,4,2,2,8,1,26,7,3,7,4,0,1,0, ,2
1871,1,1,1,3,2,4,2,2,7,2,22,9,2,7,4,0,1,1,1,2
1893,1,1,1,2,2,2,1,1,5,2,32,7,4, ,3,1,1,0,3,2
1899,1,1,1,3,2,3,2,1,8,1,20,7,3,8,3,0,1,0,1,2
1930,1,1,1,2,2,4,2,3,6,1,30,8,3,6,7,0,1,0,1,2
2020,1,1,2,2,,3,1,2,9,1,74,8,3,3,6,1,4,0,2,2
2058,1,2,2,3,3,4,1,1,9,2,28,8,5,5,5,1,1,0,2,2
2080,1,2,3,3,2,3,2,3,5,2,40,9,3,7,6,0,2,1,2,2
2101,1,1,1,3,1,4,1,1,10,1,41,1,4,3,2,1,2,0,2,2
2111,1,1,1,2,2,4,2,3,5,1,36,6,4,1,4,0,2,1,2,2
2153,3,3,2,3,3,3,2,1,10,1,34,9,4,8,6,0,1,0,1,2
2172,1,2,3,3,1,3,2,2,10,1,73,6,3, ,3,0,4,0,2,2
2180,1,2,2,3,2,2,2,3,9,1,71,8,3,2,5,0,4,1,2,2
2210,1,4,2,3,3,2,2,1,7,2,63,8,4, ,4,0,3,0,2,2
2214,1,1,1,3,2,3,1,2,9,2,49,7,3,6,6,1,2,0,2,2
2217,1,2,1,4,1,4,1,2,10,2,41,8,3,8,6,1,2,1,2,2
2238,2,2,1,3,2,4,2,2,8,1,46,6,,1,2,0,2,1,1,2
2242,2,2,1,3,2,4,2,2,9,1,51,6,4,6,1,0,3,0,1,2
2246,1,3,2,4,2,4,2,2,8,1,49,9,,10,3,0,2,1,2,2
2287,1,1,1,3,1,4,1,2,5,1,19,8,4,2,4,1,1,0,1,2
2298,1,2,1,2,1,4,2,1,10,2,29,6,4,8,5,0,1,0,2,2
2308,1,1,1,3,2,3,1,1,7,1,19,8,2,1,7,1,1,0,1,2
2353,1,1,1,3,2,3,2,1,4,2,33,9,,8,1,0,1,1,2,2
2354,1,1,1,3,2,3,1,3,7,2,27,9,3,8,7,1,1,1,2,2
2383,1,1,1,3,2,4,2,2,8,1,29,9,2,10,7,0,1,1,1,2
2397,1,2,1,2,1,3,2,3,8,1,48,6,4,10,7,0,2,0,2,2
2405,2,2,2,3,2,4,2,2,7,1,31,8,3,9,7,0,1,1,2,2
2421,1,2,2,4,1,3,2,2,8,2,32,8,4,9,7,0,1,1,2,2
2445,1,3,1,3,1,2,2,1,8,1,52,7,, ,6,0,3,0,2,2
2448,1,2,2,3,1,3,2,2,9,1,23,9,5,2,7,0,1,1,2,2
2506,1,1,1,2,2,3,2,2,4,2,47,7,4,6,4,0,2,1,2,2
2513,1,2,2,3,2,1,1,1,8,2,35,7,3,5,3,1,2,1,2,2
2537,1,2,2,,2,,1,2,7,2,33,6,4,7,6,1,1,0,2,2
2538,1,1,1,,2,3,1,1,9,2,33,8,,10,5,1,1,0,2,2
2578,1,1,1,3,1,3,1,1,9,1,55,7,,7,4,1,3,0, ,2
2584,1,3,2,2,2,3,2,2,5,1,34,8,4,2,3,0,1, ,2,2
2608,1,1,2,3,2,3,2,3,9,2,71,6,4,1,7,0,4,0,3,2
2611,1,1,1,3,1,,2,2,7,1,72,6,4,6,7,0,4,1,1,2
2635,1,2,2,3,1,3,2,3,6,1,46,8,4,3,7,0,2,0,3,2
2654,1,2,1,3,2,3,2,2,8,2,20,9,3,9,7,0,1,0,1,2
2665,1,1,2,3,2,3,2,2,7,1,72,6,4,4,3,0,4,1,2,2
2685,1,1,2,4,2,4,1,1,9,2,21,9,4,4,7,1,1,1,2,2
2717,2,2,1,3,1,3,2,2,6,1,49,7,4,5,7,0,2,1,3,2
2723,1,1,2,3,1,4,1,2,8,1,70,6,4,2,7,1,4,0,2,2
2729,1,2,2,3,,1,1,2,10,2,80,6,, , ,1,4,1,2,2
2745,1,1,1,2,1,4,1,1,7,1,56,7,, ,1,1,3,1, ,2
2789,2,1,1,3,2,4,2,2,9,1,58,7,3,6,4,0,3,1,3,2
2798,1,1,1,2,1,3,1,2,8,2,37,7,,3,4,1,2,1,3,2
2809,1,1,2,2,1,2,2,2,,2,64,6,3,2,5,0,3,0,2,2
2812,1,1,2,3,1,3,1,1,,2,51,7,4,5,4,1,3,1,2,2
2814,1,2,2,2,2,4,2,2,7,2,42,9,3,10,4,0,2,0,2,2
2819,1,1,1,2,2,1,1,1,10,2,34,6,4,9,4,1,1,1,2,2
2839,2,,3,4,4,,2,4,10,2,78,,4, ,7,0,4,0,2,2
2858,1,2,1,4,2,4,2,2,8,1,49,9,2,10,7,0,2,1,2,2
2866,1,1,1,1,1,4,1,2,10,2,35,8,,6,6,1,2,1,2,2
2881,1,1,3,1,1,4,2,3,10,1,49,9,2,10,6,0,2,1,2,2
2892,1,2,2,3,2,4,1,1,8,2,37,6,2,8,3,1,2,0,2,2
2915,2,1,1,4,2,4,2,1,8,2,23,8,4,3,2,0,1,0, ,2
2960,1,2,2,4,3,2,1,1,10,2,75,6,3,3,2,1,4,1,2,2
1009,1,1,1,2,1,4,2,1,8,2,46,7,3,1,5,0,2,0,3,3
1014,1,1,1,2,1,4,1,1,9,1,64,7,4,4,5,1,3,0,2,3
1075,1,1,1,2,2,4,1,1,8,1,22,8,4,2,7,1,1,1,1,3
1089,2,2,3,3,2,2,2,2,7,1,55,9,4,1,7,0,3,1,3,3
1109,1,2,2,2,1,2,2,2,8,1,36,9,2,10,7,0,2,1,2,3
1226,1,1,2,3,2,3,2,2,6,2,66,8,4, ,7,0,4,0,1,3
1253,1,1,1,2,2,4,2,2,5,2,52,9,3,8,6,0,3,1,2,3
1258,1,1,1,3,2,1,1,1,10,2,24,9,,9,7,1,1,1,2,3
1267,1,1,1,2,2,3,2,1,8,2,41,8,3,6,7,0,2,1,3,3
1335,1,2,1,2,2,1,1,1,10,2,62,6,4,2,6,1,3,0,2,3
1360,1,2,1,3,2,3,2,2,8,1,42,8,3,9,7,0,2,1,2,3
1370,1,1,1,2,2,3,2,1,8,2,54,9,,10,3,0,3,1,2,3
1412,1,2,2,3,2,4,2,2,7,1,45,9,3,6,7,0,2,1,2,3
1469,2,2,2,4,2,4,2,1,7,2,49,8,2,10,7,0,2,1,2,3
1502,1,3,1,3,2,2,2,2,8,2,60,6,4,9,4,0,3,0,2,3
1517,1,2,1,3,2,3,2,3,10,1,27,7,4,7,7,0,1,0,2,3
1584,1,1,1,4,1,4,1,3,7,1,52,7,4,7,5,1,3,1,2,3
1673,1,1,1,3,2,3,2,2,7,1,36,8,3,8,7,0,2,1,1,3
1706,1,1,2,2,2,2,2,3,10,2,59,6,4,1,7,0,3,1,2,3
1714,1,1,,,,,2,3,9,1,,6,5, ,7,0, ,0,1,3
1770,1,2,2,3,2,4,1,2,10,1,57,6,4,8,3,1,3,0,2,3
1787,1,1,1,1,1,2,1,3,10,2,51,8,4,1,1,1,3,1,3,3
1790,1,1,1,3,2,4,2,2,9,1,35,7,4,9,1,0,2,0,2,3
1814,1,2,1,3,2,4,2,1,8,1,39,8,2,10,3,0,2,1, ,3
1819,2,1,1,2,3,2,1,1,7,1,71,7,3,3,3,1,4,0,2,3
1879,1,2,2,3,2,3,2,1,9,2,50,6,,7,3,0,3,1,2,3
1889,1,2,2,4,3,1,2,1,8,2,25,9,3,8,4,0,1,1,1,3
1928,1,4,2,4,2,2,2,2,5,1,38,6,2,6,7,0,2,0,1,3
1957,1,1,1,2,1,4,2,2,8,2,60,6,2,10,6,0,3,1,2,3
1978,1,1,1,3,2,2,2,1,8,1,20,8,, ,4,0,1,1,1,3
2014,1,3,3,3,1,2,2,3,8,1,60,1,3,6,3,0,3,0,2,3
2028,1,2,3,4,2,4,1,1,9,1,65,1,4,6,3,1,4,0,2,3
2052,1,1,1,3,1,2,2,2,6,2,19,7,4,4,6,0,1,1,1,3
2054,1,2,2,2,1,2,2,3,5,2,31,6,4,1,2,0,1,0,1,3
2085,1,1,3,4,2,2,2,2,9,1,68,6,4,2,5,0,4,0,2,3
2089,1,1,1,2,1,3,2,2,8,2,63,6,4,4,1,0,3,0,2,3
2091,1,2,1,2,2,4,1,1,10,1,53,8,2,9,1,1,3,1,2,3
2143,1,1,1,3,1,2,1,1,10,1,58,6,4,6,5,1,3,1,2,3
2179,1,1,1,2,2,4,2,3,9,1,79,8,3,4,5,0,4,1,2,3
2184,1,2,1,2,2,4,1,1,10,1,57,9,2,10,5,1,3,1,2,3
2201,1,1,1,2,1,2,1,2,8,2,79,8,2,5,6,1,4,1,2,3
2243,1,1,1,3,2,3,2,2,6,2,65,6,4,2,3,0,4,0,2,3
2244,1,1,1,2,2,3,1,1,8,2,46,7,4,4,3,1,2,1,2,3
2251,1,1,1,3,2,4,1,1,9,2,26,6,4,7,5,1,1,1,2,3
2254,1,1,2,2,2,3,2,1,7,2,41,9,3,7,4,0,2,0,2,3
2285,1,1,1,2,2,2,2,2,8,2,46,7,4,8,4,0,2,1,2,3
2301,1,1,1,3,1,2,1,3,9,1,72,8,2,8,1,1,4,0,2,3
2370,1,2,2,2,1,4,2,1,8,1,49,7,2,9,7,0,2,1,2,3
2371,1,1,1,3,2,4,2,1,7,,,,,5,7,0, ,1,3,3
2393,1,1,1,2,2,2,1,2,10,2,34,9,3,6,5,1,1,0,2,3
2410,1,1,1,4,4,3,2,2,8,2,48,7,2,10,3,0,2,1,2,3
2412,1,1,2,3,2,3,2,3,7,2,36,7,4,8,7,0,2,0,2,3
2422,1,1,2,3,2,3,2,3,7,2,31,7,3,6,5,0,1,0,2,3
2444,1,2,2,3,3,4,2,2,8,2,54,6,5,9,3,0,3,1,2,3
2481,1,1,2,2,2,2,2,1,6,2,43,9,3,7,6,0,2,1,2,3
2522,1,1,2,3,2,3,2,2,4,2,47,9,2,10,7,0,2,1,2,3
2641,1,2,1,3,1,2,3,3,3,1,52,7,4,7,7,0,3,1,2,3
2644,1,2,2,3,2,2,2,2,9,2,42,8,3,8,7,0,2,1,2,3
2662,1,1,3,3,1,3,2,1,7,2,40,7,3,9,7,0,2,0,2,3
2670,1,2,2,3,2,4,2,1,8,1,32,8,3,7,7,0,1,0,2,3
2714,1,2,1,3,1,3,2,2,8,2,37,9,2,8,7,0,2,0,2,3
2715,1,1,2,3,2,3,2,2,9,1,19,8,3,7,7,0,1,0,1,3
2726,1,1,1,2,2,3,1,1,8,2,19,8,2,10,7,1,1,0,1,3
2744,1,1,1,4,2,3,2,1,9,1,60,7,4,9,1,0,3,1,3,3
2824,1,2,1,3,3,3,1,3,7,2,56,8,4,7,2,1,3,1,2,3
2859,1,1,1,3,3,1,3,4,3,2,42,6,4,5,7,0,2,0,2,3
1006,1,1,1,1,1,1,1,3,10,2,60,7,,1,3,1,3,0,2,4
1053,1,2,2,3,3,4,2,3,9,2,56,9,2,9,3,0,3,1,2,4
1074,1,2,3,3,2,2,2,2,6,2,59,8,3,10,7,0,3,0,2,4
1112,1,2,2,3,2,3,2,2,8,1,34,9,2,10,7,0,1,1,2,4
1113,1,1,1,2,2,4,2,2,7,1,29,9,3,8,7,0,1,0,2,4
1148,1,2,1,3,2,3,2,1,7,,,6,2,10,7,0, ,1,2,4
1159,1,2,2,2,2,1,2,2,10,1,29,8,3,10,7,0,1,0,2,4
1176,1,2,3,3,4,3,2,2,8,1,80,7,2,7,7,0,4,1,2,4
1202,1,2,2,4,4,3,2,1,8,2,49,9,3,7,7,0,2,1,2,4
1207,1,1,2,3,2,4,1,1,9,1,26,8,2,10,7,1,1, ,2,4
1218,1,1,2,3,1,4,2,1,9,1,55,6,2,7,7,0,3,0,3,4
1235,1,1,1,2,2,2,2,1,6,2,57,7,2,7,3,0,3,1,3,4
1308,1,3,3,2,1,1,2,3,8,2,67,1,4,9,7,0,4,0,3,4
1366,2,2,2,4,2,3,1,2,9,1,47,7,4,9,3,1,2,0,2,4
1387,1,2,3,4,2,1,1,2,10,1,50,9,2,10,7,1,3,1,2,4
1424,1,1,1,2,3,3,2,2,8,1,19,8,2,8,7,0,1,0,1,4
1455,1,1,1,3,1,2,2,2,,2,68,7,2,3,7,0,4,0,3,4
1464,1,1,2,3,3,3,2,2,6,2,20,9,3,9,6,0,1,1,1,4
1465,1,1,1,3,3,4,1,2,10,2,84,3,, ,7,1,4,1,3,4
1480,1,2,2,2,2,1,1,1,7,1,40,9,3,9,7,1,2,0,2,4
1492,1,2,2,4,4,4,2,3,7,2,46,6,2,9,3,0,2,1,2,4
1548,1,1,1,2,2,1,1,2,8,2,27,8,4,7,7,1,1,0,2,4
1556,1,1,2,3,1,2,1,2,10,2,29,7,4,9,7,1,1,0,2,4
1580,1,2,2,4,1,4,1,2,9,1,55,6,4,7,7,1,3,0,2,4
1598,1,1,3,3,1,3,1,3,7,2,38,9,3,6,7,1,2,0,2,4
1620,1,1,1,3,1,3,2,3,8,2,63,6,4,5,5,0,3,0,2,4
1630,1,1,1,2,2,3,1,1,2,2,45,9,2,8,7,1,2,1,2,4
1638,1,2,3,3,2,4,2,2,7,2,58,6,3,6,7,0,3,0,1,4
1652,1,1,2,3,3,2,2,3,5,2,35,8,3, ,7,0,2,1,2,4
1665,1,2,2,3,1,1,1,1,9,1,36,9,2,10,7,1,2,1,2,4
1688,1,1,1,3,2,4,2,2,7,1,39,8,2,9,3,0,2,1,1,4
1691,1,2,2,3,2,4,1,1,10,1,44,9,4,9,2,1,2,0,2,4
1707,1,2,1,2,1,3,1,2,10,1,57,7,2,8,7,1,3,0, ,4
1716,2,2,1,3,3,4,1,2,8,1,48,9,2,10,7,1,2,1,2,4
1733,1,2,2,2,1,1,2,1,7,1,33,8,3,9,7,0,1,1,3,4
1760,1,1,1,2,2,3,2,2,8,2,53,9,,9,1,0,3,0,2,4
1769,1,1,1,3,2,1,2,1,9,,,,3,9,1,0, ,1,2,4
1802,1,2,1,2,1,,1,2,9,1,23,7,4,3,1,1,1,1,1,4
1804,1,2,1,3,2,1,1,1,9,1,30,9,,10,1,1,1,1,2,4
1836,1,2,2,3,2,3,2,3,7,2,23,8,4,4,3,0,1, ,2,4
1850,1,1,1,3,2,3,2,1,8,1,49,8,,9,1,0,2,1,2,4
1877,1,2,2,3,3,4,2,2,8,2,65,6,4,2,3,0,4,0,2,4
1884,1,1,1,3,1,3,2,2,10,1,79,6,4,3,2,0,4,1,2,4
1975,1,1,1,3,2,3,1,2,8,1,23,9,2,8,4,1,1,0,1,4
1983,1,2,2,2,2,1,3,4,3,1,68,7,4,1,2,0,4,0,2,4
2029,1,1,1,3,2,3,2,1,6,1,51,1,5,3,3,0,3,1,3,4
2032,1,1,2,2,1,1,1,2,10,1,,7,2,1,1,1, ,0,2,4
2067,1,1,2,3,4,3,2,2,8,2,68,6,4,3,5,0,4,0,2,4
2073,1,2,1,4,4,4,2,3,9,1,72,7,, ,5,0,4,0, ,4
2075,1,1,2,1,,,2,3,3,2,68,7,2,10,6,0,4,0,2,4
2084,1,1,2,3,1,1,1,3,10,2,87,7,3,3,6,1,4,0,3,4
2090,1,1,2,3,2,4,1,1,10,2,56,7,2,9,1,1,3,1,2,4
2100,1,2,1,4,1,4,1,1,10,1,41,1,4,3,1,1,2,0,2,4
2152,1,3,2,2,1,2,2,2,5,2,39,8,5,2,5,0,2,0,1,4
2164,1,1,2,4,1,4,2,1,4,2,50,1,5,3,1,0,3,0,3,4
2197,1,2,2,3,3,3,2,2,7,2,68,8,,2,1,0,4,0,2,4
2229,2,3,1,4,4,2,2,1,7,1,20,7,2,10,6,0,1,0,1,4
2231,1,2,2,3,2,3,2,1,9,1,55,8,3,9,6,0,3,1,2,4
2236,1,2,1,4,2,4,1,1,9,2,38,7,4,8,2,1,2,0,2,4
2275,1,2,2,2,4,3,2,2,8,1,58,9,,6,1,0,3,1,2,4
2291,1,1,2,2,1,2,1,2,8,2,66,6,4,1,4,1,4,0,2,4
2327,1,1,1,3,2,4,1,3,7,2,24,9,2,8,7,1,1,0,1,4
2329,1,1,1,2,1,3,2,1,2,2,70,7,4, ,7,0,4,0,3,4
2339,1,1,1,3,2,3,2,1,8,2,41,9,2,10,7,0,2,0,2,4
2373,1,1,1,2,2,2,2,3,3,1,23,8,,4,7,0,1,0,1,4
2381,1,2,2,3,1,4,1,1,9,2,38,9,2,9,7,1,2,1,2,4
2413,1,2,2,3,2,3,2,2,6,2,19,8,2,9,3,0,1,0,2,4
2446,1,1,1,3,2,4,2,1,8,1,35,6,4,9,4,0,2,1,2,4
2447,1,2,2,3,2,4,2,3,8,2,31,8,3,10,5,0,1,1,2,4
2458,1,1,1,3,1,4,2,2,7,2,49,6,3,8,7,0,2,0,2,4
2465,1,2,2,1,2,3,2,3,6,2,61,6,, ,4,0,3,1,3,4
2479,1,1,1,4,2,4,1,1,10,1,20,9,,6,7,1,1,1,1,4
2490,1,1,1,2,1,3,1,2,9,1,45,7,3,9,3,1,2,1,2,4
2520,1,2,,,,1,1,2,7,2,56,8,, ,4,1,3,0,2,4
2554,1,1,1,3,2,3,1,2,8,1,43,6,4,7,2,1,2,0,2,4
2570,1,1,1,4,2,4,2,2,7,2,47,9,4,7,4,0,2,0,2,4
2579,1,1,1,1,2,,2,3,7,1,58,6,4,6,3,0,3,1,2,4
2593,1,1,2,2,2,3,2,2,9,1,34,8,2,10,2,0,1,1,2,4
2639,1,1,2,3,2,2,1,1,10,2,24,9,,10,7,1,1,1,2,4
2648,1,2,2,2,1,3,2,2,6,2,33,9,3,8,7,0,1,1,1,4
2673,1,1,1,3,1,3,2,1,9,2,72,6,3,2,7,0,4,0,3,4
2675,1,2,2,2,3,2,2,2,9,2,64,6,3,4,7,0,3,0,2,4
2681,1,1,1,1,1,1,1,3,10,1,72,6,, ,6,1,4,0,2,4
2687,1,2,1,3,2,3,2,2,6,1,37,7,4,9,7,0,2,1,2,4
2694,1,1,1,2,2,3,2,1,7,2,47,9,2,9,7,0,2,1,2,4
2707,1,2,2,3,2,4,2,2,6,1,43,8,4,6,6,0,2,1,2,4
2728,1,1,1,3,2,4,2,1,8,1,32,8,2,9,7,0,1,1,2,4
2743,2,2,1,2,2,3,2,2,6,1,42,8,4,5,7,0,2,1,1,4
2756,1,1,2,2,3,1,1,2,8,2,56,9,2,10,7,1,3,1,2,4
2770,2,1,1,4,2,4,2,2,7,2,44,9,4,6,1,0,2,0,2,4
2781,1,2,2,3,2,4,2,1,8,1,46,9,2,10,3,0,2,1,2,4
2794,1,1,1,2,,3,2,3,7,1,66,6,4,2,7,0,4,0,2,4
2830,1,1,1,3,3,2,1,2,9,1,74,8,,5,4,1,4,1,2,4
2847,3,3,2,1,,1,2,2,5,1,69,8,,4,7,0,4,1,2,4
2848,1,1,1,2,1,3,1,1,10,1,65,6,2,6,6,1,4,1, ,4
2864,1,1,1,2,2,1,1,1,10,2,36,6,,8,7,1,2,1,2,4
2872,1,1,1,2,1,4,1,1,10,1,25,6,3,9,7,1,1,0,2,4
2889,1,2,1,4,4,4,1,1,10,2,68,7,3,2,3,1,4,1,3,4
2910,2,1,1,3,2,4,1,1,9,,,,3,8,3,1, ,0,2,4
2919,1,1,2,3,2,4,1,1,10,2,61,6,3,4,4,1,3,1,2,4
2942,1,2,2,4,,4,2,3,7,2,43,,,7, ,0,2,0,2,4
2947,1,2,2,2,2,4,2,3,8,1,59,6,3,9,5,0,3,1,2,4
2951,1,2,2,4,2,4,2,1,8,1,50,6,3, ,1,0,3,0,2,4
2953,1,2,1,3,2,4,2,1,2,1,44,1,4,9,1,0,2,0,2,4
2954,1,1,1,3,2,3,1,1,10,1,55,8,2,9,1,1,3,1,2,4
1002,1,1,2,3,2,3,1,1,9,2,68,8,,1,6,1,4,1,1,5
1010,1,1,1,3,1,2,3,2,5,2,28,9,, ,5,0,1,0,2,5
1021,1,1,1,2,1,1,2,2,7,2,34,7,4,5,5,0,1,0,3,5
1027,1,2,3,3,3,2,1,2,9,1,67,6,2,6,2,1,4,0,2,5
1110,1,2,1,2,3,2,1,1,9,1,36,9,,10,7,1,2,1,2,5
1166,1,2,2,3,1,1,2,2,7,2,70,6,,4,7,0,4,1,2,5
1195,1,2,2,2,1,3,2,1,9,1,71,6,4, ,7,0,4,0,2,5
1339,1,1,1,3,1,1,2,3,2,2,31,9,3,6, ,0,1,1,2,5
1358,1,1,1,2,1,3,1,1,9,2,50,8,, ,7,1,3, ,2,5
1374,1,1,3,3,2,2,2,1,7,2,58,7,2,8,1,0,3,1,2,5
1430,2,1,1,3,1,4,1,1,8,2,47,9,2,6,7,1,2,1,1,5
1460,1,3,1,3,2,1,3,2,4,2,43,9,3,10,7,0,2,0,2,5
1467,1,2,2,3,2,3,1,1,8,1,46,8,2,10,7,1,2,0,2,5
1481,1,1,2,3,2,4,2,1,8,2,25,8,4,1,5,0,1,0,1,5
1494,1,2,2,2,2,1,2,3,7,1,73,6,2,7,4,0,4,0,2,5
1504,1,1,1,2,1,1,2,4,7,2,37,8,2,10,6,0,2,1,2,5
1614,1,3,2,2,2,3,2,2,10,2,44,8,2,10,7,0,2,1,2,5
1653,1,1,1,3,2,3,2,3,7,2,35,7,3,7,7,0,2,1,2,5
1660,1,1,1,2,1,4,1,2,10,1,60,6,2,10,7,1,3,1,2,5
1682,1,1,1,3,2,3,2,2,7,2,41,9,2,9,1,0,2,1,2,5
1857,1,2,1,1,1,2,2,2,7,2,42,8,3,7,4,0,2,0,1,5
1906,3,2,2,2,2,3,3,4,1,2,40,8,5, ,2,0,2,0,1,5
1938,1,2,1,2,2,4,2,2,4,1,43,8,4,6,6,0,2,1,1,5
2018,1,1,1,2,4,2,2,1,7,1,53,9,3,7,5,0,3,1,2,5
2030,1,3,3,4,2,3,1,1,6,,,3,3,6,3,1, ,0,1,5
2061,1,1,2,2,1,2,1,3,9,1,85,3,4, ,1,1,4,1,3,5
2083,1,1,1,2,1,4,2,2,8,2,,8,4,3,5,0, ,1,3,5
2086,1,2,2,3,2,4,2,3,4,2,58,8,3,4,6,0,3,1,2,5
2098,1,1,1,2,1,3,1,1,10,1,61,7,, ,1,1,3,1,2,5
2113,1,2,2,2,1,4,2,3,5,2,19,7,4,6,3,0,1,0,1,5
2200,1,1,2,1,1,2,2,3,7,2,75,6,2,1,2,0,4,1,1,5
2241,1,2,2,3,2,2,2,1,8,1,36,8,2,9,3,0,2,1,2,5
2309,1,1,1,2,1,4,1,3,7,2,37,8,4,5,3,1,2,0,2,5
2324,1,1,2,2,2,4,1,4,8,2,56,9,2,10,7,1,3,1,2,5
2335,2,2,1,2,3,4,2,3,7,1,30,9,3,10,7,0,1,1,2,5
2338,1,1,1,2,2,4,1,2,10,2,39,9,2,10,7,1,2,1,2,5
2376,1,1,1,1,1,1,2,4,9,2,76,6,4, ,7,0,4,0,3,5
2409,1,2,2,2,2,3,1,1,8,1,50,7,2,10,7,1,3,1,2,5
2512,1,2,2,2,1,1,2,1,8,2,44,8,2,9,4,0,2,1,3,5
2524,1,1,1,3,2,4,2,2,8,1,35,9,3,9,6,0,2,0,2,5
2532,1,2,1,2,1,4,1,2,8,1,40,7,2,8,5,1,2,0,2,5
2553,1,2,2,3,2,3,2,1,8,1,54,6,3,7,5,0,3,1,3,5
2562,1,1,2,2,3,4,2,2,8,2,68,6,4,1,3,0,4,0,3,5
2592,1,1,1,4,1,4,1,2,9,2,36,7,4,8,1,1,2,1,2,5
2614,1,1,1,,2,2,1,1,9,2,39,7,2,6,6,1,2,1,1,5
2626,1,2,,4,,3,,3,,2,23,6,,1,4, ,1,0,1,5
2642,1,1,1,3,1,2,1,2,7,1,40,9,2,10,7,1,2,1,2,5
2643,1,1,1,2,1,3,2,2,6,1,58,6,4,8,7,0,3,0,2,5
2646,1,1,2,3,1,4,2,2,8,1,60,8,2,9,7,0,3,1,3,5
2691,1,1,1,2,2,3,1,1,10,2,64,9,2,8,7,1,3,1,2,5
2738,1,1,1,2,1,3,1,1,8,2,50,8,3,8,7,1,3,1,2,5
2741,1,1,1,3,2,4,2,3,5,2,40,9,4,6,6,0,2,0,1,5
2765,1,1,1,2,1,2,1,1,10,2,52,8,3,6,1,1,3,1,2,5
2816,1,2,1,3,2,3,1,2,9,1,36,9,2,9,5,1,2,1,2,5
2826,1,1,1,2,2,3,1,1,9,1,42,6,3,6,1,1,2,1,2,5
2842,1,1,2,2,4,3,1,1,10,2,71,9,2,10, ,1,4,0,2,5
2857,1,2,2,3,2,3,2,1,9,2,48,9,,9,7,0,2,0,2,5
2890,2,2,2,3,2,2,2,2,6,1,52,9,3,5,4,0,3,0,3,5
2894,1,2,2,4,2,2,2,2,5,2,43,7,4,7,2,0,2,1,2,5
2955,1,2,2,3,1,3,2,3,,1,69,6,3,4,1,0,4,0,2,5
1124,1,1,2,3,,1,2,2,1,2,68,6,2,9, ,0,4,1,2,6
1173,1,1,3,3,1,3,1,2,10,2,60,8,2,9,7,1,3,1,3,6
1192,1,2,2,2,1,3,1,2,10,1,83,6,2,10,7,1,4,0,2,6
1230,1,3,4,,2,1,2,3,,1,59,3,3,1,7,0,3,0, ,6
1279,1,1,1,2,1,2,2,2,6,2,22,8,5,1,3,0,1,1,1,6
1334,1,1,2,2,2,1,2,3,6,2,24,8,4,10,7,0,1,0,1,6
1408,1,1,2,3,2,3,2,1,7,2,28,9,3,6,7,0,1,0,2,6
1415,1,1,2,2,2,1,2,2,8,2,52,7,2,10,7,0,3,1,2,6
1437,1,1,1,3,1,3,2,2,7,2,35,9,,9,7,0,2,1,1,6
1486,1,2,2,3,1,4,2,2,7,1,53,9,1,10,7,0,3,0,2,6
1531,1,2,2,2,2,2,2,3,6,2,37,6,3, ,7,0,2,0,1,6
1581,1,2,2,3,1,1,2,1,10,2,57,6,4,1, ,0,3,1,3,6
1596,1,1,1,2,1,3,1,1,8,2,38,9,2,10,7,1,2,0,2,6
1612,1,1,2,2,1,3,2,2,7,1,47,9,3,7,7,0,2,1,1,6
1619,1,2,2,2,3,1,2,2,8,,,,, , ,0, ,0,2,6
1623,1,4,3,2,2,1,2,1,9,1,54,9,2,9,7,0,3,1,2,6
1647,1,1,1,3,2,3,2,2,10,1,49,7,2,10,7,0,2,1,2,6
1683,1,1,1,2,2,1,1,2,9,1,39,6,2,8,1,1,2,0,2,6
1823,1,2,2,2,1,3,1,2,10,1,41,6,2,6,4,1,2,0, ,6
1908,1,1,2,3,1,3,2,2,7,2,65,6,3,1,3,0,4,1,3,6
1981,1,1,2,3,2,4,2,3,8,1,50,7,4,4,3,0,3,1,2,6
1986,1,2,,3,,4,1,3,5,1,81,6,3,2,6,1,4,0,2,6
2048,1,2,1,2,2,2,2,2,8,2,39,9,4,8,3,0,2,0,2,6
2134,1,1,2,3,2,2,2,2,8,2,56,7,3,8,6,0,3,0,2,6
2192,1,2,3,3,2,4,1,3,9,1,30,7,,9,6,1,1,1,2,6
2198,1,1,1,2,2,3,1,1,10,2,50,9,1,10,1,1,3,1,2,6
2209,1,1,2,4,1,4,2,2,8,2,66,6,4,2,6,0,4,1,3,6
2222,1,2,2,3,2,2,2,2,6,2,32,9,,6,6,0,1,0,2,6
2233,1,1,1,2,1,2,2,1,10,2,22,7,2,7,5,0,1,0,2,6
2234,1,2,1,3,1,3,2,1,8,2,52,6,5,1,2,0,3,0,3,6
2278,1,1,1,3,2,3,2,2,8,2,64,6,4,3,3,0,3,0,2,6
2289,2,2,1,2,4,2,2,2,9,2,75,8,2,6,4,0,4,0,1,6
2292,1,1,2,3,2,3,1,1,9,1,60,8,2,8,4,1,3,1,2,6
2312,1,2,3,3,3,3,2,2,10,2,54,6,3,10,2,0,3,1,2,6
2352,1,1,2,2,2,2,1,1,8,2,39,7,2,9,7,1,2,1,2,6
2461,1,1,1,3,2,1,1,1,10,1,31,8,2,7,4,1,1,0,2,6
2516,1,1,3,3,2,2,2,1,7,1,22,9,2,10,5,0,1,1,1,6
2542,1,2,2,2,1,3,1,2,10,2,33,8,2,7,5,1,1,1,2,6
2575,1,1,1,3,2,2,1,1,10,2,28,9,4,10,4,1,1,0,1,6
2601,1,1,2,3,4,4,2,1,7,2,60,8,,7,7,0,3,1,3,6
2640,1,1,1,2,1,1,2,1,10,2,51,6,4,2,6,0,3,1, ,6
2663,1,2,2,3,2,2,1,1,10,2,53,8,2,10,7,1,3,1,2,6
2696,1,2,1,3,2,2,1,1,9,2,43,9,2,10,7,1,2,1,2,6
2727,1,2,2,2,2,3,2,1,9,2,58,7,3,9,7,0,3,1,2,6
2772,1,1,2,2,2,4,1,1,8,2,49,8,,6,1,1,2,1,2,6
2778,2,1,1,3,1,4,2,2,8,1,49,6,4,9,4,0,2,1,2,6
2805,1,1,1,4,3,3,2,2,6,1,30,6,3,5,3,0,1,0,2,6
2829,1,1,2,4,4,1,2,1,5,2,77,3,,1, ,0,4,0,3,6
2861,1,1,1,2,2,3,1,1,8,2,40,8,3,5,7,1,2,0,3,6
2922,1,1,1,2,1,1,1,1,8,2,52,6,, ,4,1,3,0,2,6
2934,1,1,3,3,4,1,1,1,10,2,50,8,3,4,7,1,3,1,2,6
2935,1,1,1,3,1,3,1,3,9,1,50,8,2,9,6,1,3,0,2,6
2971,2,2,2,2,2,3,2,2,8,1,62,3,,7,1,0,3,1,2,6
2978,1,1,2,3,2,2,2,3,7,2,35,9,3,9,3,0,2,0,2,6
1008,1,1,1,3,1,3,2,2,6,1,49,8,,6,5,0,2,0,2,7
1167,1,1,1,4,2,3,1,2,9,1,52,8,2,10,7,1,3,1,2,7
1161,1,2,3,4,1,,2,,8,2,20,8,2,1,3,0,1,0,2,7
1316,1,3,2,3,1,4,1,2,8,1,33,9,2,9,7,1,1,1,2,7
1318,1,2,2,3,1,2,2,2,9,2,32,8,2,10,7,0,1,0,2,7
1323,1,2,3,3,1,3,1,1,10,1,27,9,3,5,7,1,1,0,1,7
1342,1,1,1,1,1,1,1,2,10,2,86,9,, ,7,1,4, ,3,7
1361,1,1,2,2,3,3,2,2,5,,,,3,3,7,0, ,0,2,7
1368,1,1,1,2,2,2,2,2,8,1,43,6,3,8,3,0,2,1,2,7
1385,1,1,1,3,4,3,1,2,10,1,69,7,2,7,7,1,4,1,2,7
1419,1,1,2,3,2,4,1,1,8,2,43,9,,7,7,1,2,1,2,7
1443,1,2,2,3,1,1,2,2,10,1,23,8,4,3,6,0,1,0,1,7
1463,1,1,1,3,3,3,2,2,3,1,29,8,, ,7,0,1,0,1,7
1478,1,3,4,4,1,4,3,3,2,2,50,9,2,10,7,0,3,0,2,7
1493,2,1,2,4,2,4,2,2,8,2,82,6,2,4,3,0,4,1,3,7
1527,1,1,1,3,2,1,2,2,8,1,41,8,, ,3,0,2,0,2,7
1633,1,2,1,3,2,4,1,1,10,2,76,9,2,4,7,1,4,0,3,7
1722,1,2,1,2,1,1,2,1,9,2,41,8,3,6,7,0,2,1,2,7
1732,1,1,4,2,1,1,1,2,10,2,32,8,4,9,7,1,1,0,2,7
1741,1,2,2,3,1,3,2,1,8,1,29,9,2,10,7,0,1,1,2,7
1743,1,2,2,3,2,3,2,2,7,2,27,9,4,10,7,0,1,0,3,7
1827,1,1,2,3,1,4,2,2,9,1,48,6,4,9,4,0,2,0,2,7
1888,1,1,2,3,1,3,1,2,10,1,45,6,2,10,3,1,2,1,2,7
1873,1,1,1,2,1,3,2,1,6,1,49,7,4,7,4,0,2,1,2,7
1907,1,2,2,2,2,1,2,2,8,2,77,3,3,2,3,0,4,1,2,7
1971,1,1,1,2,2,2,2,2,9,1,41,8,4,8,4,0,2,0,2,7
2057,1,2,2,2,2,1,1,1,9,2,21,9,4,8,5,1,1,1,1,7
2205,1,1,2,3,2,1,2,1,10,1,70,6,3,4,6,0,4,1,3,7
2212,1,1,2,3,1,3,1,1,10,2,50,8,3,5,6,1,3,0,3,7
2274,1,2,2,3,2,3,1,2,8,1,55,7,4,4,1,1,3,1,2,7
2331,1,1,2,3,2,4,2,2,8,1,41,9,2,10,7,0,2,1,2,7
2369,1,1,2,3,1,4,2,2,8,1,47,8,2,10,7,0,2,0,1,7
2375,1,1,1,3,1,2,1,1,10,2,35,9,4,5,4,1,2,0,1,7
2466,1,2,2,3,2,1,1,2,10,2,61,8,2,9,7,1,3,1,2,7
2497,1,2,1,3,4,4,1,3,10,1,63,8,3,4,5,1,3,0,2,7
2563,1,1,1,3,2,4,1,1,9,1,48,8,3,6,1,1,2,1,2,7
2621,1,2,1,2,2,1,2,2,6,2,53,9,, ,7,0,3, ,2,7
2622,1,1,1,2,1,4,1,1,9,2,42,8,2,10,7,1,2,1,2,7
2676,1,1,1,3,2,3,2,2,9,1,59,7,3,6,7,0,3,1,2,7
2731,1,1,2,3,1,4,2,2,7,1,43,9,2,8,7,0,2,1,1,7
2769,1,1,2,3,,1,1,2,9,2,85,8,, ,2,1,4,1,3,7
2928,1,2,2,4,2,4,1,1,8,1,35,7,4,6,2,1,2,1,2,7
1024,1,2,2,3,2,4,2,2,,1,53,9,2,10,1,0,3,1,2,8
1052,1,1,2,2,1,3,2,3,7,1,74,9,2,10,3,0,4,1,2,8
1080,1,1,2,2,1,1,2,2,10,2,56,6,2,8,7,0,3,1,2,8
1193,1,2,2,3,2,3,1,2,9,1,79,6,3,6,7,1,4,1,2,8
1214,1,1,1,,2,1,2,3,10,1,62,3,3,6,7,0,3,0,2,8
1320,1,1,2,3,1,4,2,2,8,2,30,8,4,2,7,0,1,0,3,8
1337,1,2,3,3,1,1,2,2,9,1,44,8,4,7,6,0,2,0,2,8
1343,1,1,1,2,2,3,1,1,10,2,35,7,3,9,1,1,2,1,2,8
1359,1,2,2,4,2,4,2,2,7,1,37,9,,10,7,0,2,1,2,8
1371,1,2,2,2,3,3,2,2,7,2,20,9,2,9,3,0,1,0,1,8
1375,1,2,1,2,1,4,2,2,,1,54,6,4,7,3,0,3,0,2,8
1582,1,2,2,3,2,4,2,1,4,2,53,8,2,10,7,0,3,0,2,8
1606,1,1,1,2,2,4,1,1,8,1,24,9,3,10,6,1,1,1,1,8
1628,1,1,2,3,2,4,2,3,8,1,23,9,2,10,7,0,1,0,1,8
1729,1,1,1,2,2,3,2,1,9,1,33,6,4, ,7,0,1,0,1,8
1758,1,2,2,3,2,3,2,2,7,2,45,9,2,10,7,0,2,1,2,8
1779,1,2,1,2,1,2,3,3,5,1,52,7,4,6,3,0,3,0,2,8
1808,1,1,1,3,1,4,2,1,9,1,56,9,2, ,4,0,3,1,2,8
1846,1,2,1,3,2,2,2,1,9,1,45,8,2,9,1,0,2,1, ,8
1887,1,1,1,,1,1,1,2,10,2,65,7,, ,3,1,4,0,3,8
2159,1,2,1,2,1,2,2,2,7,1,28,9,3,9,5,0,1,1,1,8
2170,1,1,1,2,1,4,1,2,9,2,61,1,2,4,3,1,3,1,2,8
2286,1,2,2,2,2,1,2,2,6,2,35,9,3,7,4,0,2,0,2,8
2300,1,1,1,2,1,4,2,1,7,2,33,9,2,5,1,0,1,1,1,8
2314,1,1,1,1,2,3,1,1,9,2,57,8,1,10,7,1,3,1,2,8
2336,2,2,2,4,2,3,2,3,7,1,76,6,3,2,7,0,4,1,2,8
2368,1,3,3,3,1,4,2,2,,1,57,9,,10,7,0,3,1,2,8
2379,1,1,1,2,2,4,1,1,9,1,42,9,2,8,7,1,2,1,1,8
2398,1,2,1,2,1,1,2,2,8,,,,3,9,7,0, ,0,2,8
2423,1,2,1,3,2,4,1,1,9,1,55,8,2,9,4,1,3,0,2,8
2424,1,2,1,3,,1,1,2,10,2,80,8,, ,5,1,4,1,3,8
2427,1,1,1,2,1,1,1,2,,1,64,6,3,7,7,1,3,1,2,8
2452,1,1,1,2,2,3,2,2,8,2,38,8,4,6,4,0,2,1,1,8
2469,1,1,1,3,2,4,2,1,10,2,45,9,2,5,7,0,2,0,1,8
2508,1,2,3,3,1,4,2,2,5,2,35,7,2,4,4,0,2,0,2,8
2591,1,2,2,4,1,4,2,1,7,1,40,8,2,8,1,0,2,1,1,8
2617,1,1,1,1,2,3,2,2,8,2,58,7,, ,7,0,3,1,2,8
2657,1,1,1,3,2,4,2,2,8,2,39,9,3,5,7,0,2,0,2,8
2668,1,2,1,3,1,4,2,2,8,1,50,9,,8,7,0,3,1,2,8
2746,1,1,1,2,2,3,1,1,9,2,36,8,4,8,1,1,2,1,2,8
2825,1,2,2,3,2,1,1,2,9,2,55,6,4,5,1,1,3,0,2,8
2852,1,,2,3,2,2,2,3,6,2,59,6,2,7,7,0,3,1,2,8
2898,1,1,2,3,2,3,1,1,10,2,20,9,2,9,6,1,1,0,1,8
2968,1,2,2,3,1,4,1,1,9,1,58,6,2,7,3,1,3,0,2,8
1018,1,1,2,1,2,2,2,3,7,2,37,9,5,1,4,0,2,0,1,9
1131,1,2,2,2,2,2,1,2,8,2,61,8,2,5,7,1,3,0,2,9
1179,1,2,2,3,1,2,2,2,8,2,51,9,2,10,7,0,3,1,2,9
1186,1,1,1,2,1,3,1,1,9,2,37,7,2,10,7,1,2,1,2,9
1369,1,2,2,3,2,4,1,1,10,2,74,8,2,7,1,1,4,1,3,9
1377,1,1,1,3,1,4,2,1,9,2,52,6,3,9,2,0,3,0,1,9
1388,1,1,2,2,2,1,1,1,8,2,52,9,2,7,3,1,3,1,2,9
1444,1,1,1,3,2,4,2,2,7,2,52,9,2,9,7,0,3,1,2,9
1489,1,2,2,2,1,3,3,1,3,2,74,6,3,3,3,0,4,0,3,9
1635,1,2,2,3,4,3,1,2,10,1,66,9,3,7,7,1,4,1,2,9
1786,1,2,2,3,2,2,1,2,9,2,27,9,2,10,1,1,1,0,2,9
1865,1,1,2,3,2,3,2,2,8,2,58,8,3,6,4,0,3,1,2,9
1962,1,1,1,3,2,3,2,1,9,2,26,9,, ,7,0,1,1,1,9
1967,1,2,2,4,1,4,2,1,3,1,52,7,5,8,6,0,3,0,3,9
2034,1,2,2,3,1,3,2,1,10,1,76,6,3,4,5,0,4,0,2,9
2069,2,2,2,4,2,4,2,2,4,1,41,6,4,1,3,0,2,1,1,9
2095,1,1,2,3,1,2,1,1,8,2,42,9,4,8,6,1,2,1,2,9
2249,1,1,1,4,2,4,2,2,7,1,42,8,2,7,3,0,2,0,2,9
2256,1,1,2,1,1,3,2,2,7,2,24,6,3,2,3,0,1,0,1,9
2442,1,1,1,3,3,3,2,2,8,2,66,6,3,7,4,0,4,1,2,9
2568,1,2,1,2,1,3,2,2,8,2,59,6,3,4,4,0,3,0,2,9
2623,1,1,2,3,2,1,2,2,8,2,22,8,2,7,7,0,1,0,1,9
2823,1,2,2,2,1,3,2,1,7,1,48,9,3,6,1,0,2,1,2,9
2908,1,2,1,3,2,2,1,2,8,1,66,7,4,5,3,1,4,1,2,9
2931,1,1,2,2,1,3,1,3,10,2,46,8,3,9,1,1,2,1,2,9
1184,3,2,2,2,2,4,2,2,7,2,50,9,4,10,7,0,3,1,2,10
1191,1,1,1,2,3,4,1,2,8,2,36,9,2,10,7,1,2,1,2,10
1386,1,2,1,3,1,1,1,1,9,2,64,9,3,9,7,1,3,1,2,10
1629,1,1,1,2,,4,1,1,10,2,64,9,2,10,7,1,3,1,2,10
1726,1,2,2,1,1,1,2,2,8,1,36,9,4,8,1,0,2,1,2,10
1757,1,2,2,,2,2,1,1,9,2,75,3,4,2,2,1,4,1,2,10
1771,1,1,2,3,1,3,2,2,7,2,54,6,, ,3,0,3,1,3,10
1897,2,2,1,2,1,2,1,2,10,2,66,8,, ,3,1,4,0,2,10
1902,1,1,2,2,2,1,1,1,8,1,30,8,,4,3,1,1,0,2,10
1996,1,2,1,2,3,1,1,1,10,2,45,9,2,10,5,1,2,1,2,10
2007,1,,,3,,2,1,1,9,2,34,8,,7,6,1,1,0,2,10
2074,1,1,2,2,2,4,2,2,8,1,73,6,3,6,6,0,4,1,2,10
2106,1,1,1,1,1,1,1,2,,,,,4,9,3,1, ,0,2,10
2206,1,2,3,2,2,1,2,3,4,1,71,9,2,2,6,0,4,0,3,10
2319,1,1,1,2,2,3,1,1,9,1,39,9,2,10,7,1,2,1,2,10
2399,1,2,4,3,4,4,2,2,8,2,68,6,, ,7,0,4,0,3,10
2652,1,1,1,3,2,4,2,1,8,2,48,9,4,7,6,0,2,0,2,10
2684,1,1,1,2,2,1,1,1,10,1,64,8,4,5,7,1,3,1,2,10
2758,1,2,2,3,2,1,2,3,10,1,64,6,4,1,1,0,3,0,2,10
2811,1,1,2,3,1,3,2,1,9,1,59,8,2,8,4,0,3,1,2,10
2880,1,2,2,2,1,2,2,2,6,2,61,6,4,3,7,0,3,1,3,10
2897,1,2,2,3,1,2,1,1,9,2,38,7,3,5,2,1,2,1,2,10
1097,1,2,1,3,1,1,3,2,5,1,28,8,4,2,7,0,1,0,3,11
1142,3,2,2,2,1,4,2,2,5,2,57,9,3,8,7,0,3,1,1,11
1177,1,2,2,3,2,1,1,2,9,2,42,9,2,10,7,1,2,0,2,11
1188,1,1,1,3,2,1,2,3,4,2,57,8,2,1,7,0,3,0,3,11
1347,1,2,1,2,1,2,2,1,8,1,41,8,4,9,1,0,2,0,1,11
1497,1,3,3,3,2,4,2,2,7,1,42,9,4,8,3,0,2,1,2,11
1521,1,2,1,1,1,2,1,2,10,,41,6,4,6,6,1,2,0,2,11
1615,1,1,1,1,1,2,2,2,7,1,32,9,2,10,7,0,1,0,2,11
1926,1,3,2,3,1,3,2,1,10,1,44,8,4,7,6,0,2,1,2,11
2188,1,2,1,2,2,2,2,2,10,2,48,9,4,5,5,0,2,1,2,11
2253,1,1,1,2,2,4,1,3,5,1,44,7,3,6,3,1,2,1,2,11
2258,1,1,2,2,2,1,2,2,7,1,21,8,4,2,4,0,1,1,1,11
2344,1,1,2,1,1,1,1,2,9,2,47,6,2,7,7,1,2,1,2,11
2362,1,1,2,2,1,4,2,2,6,2,55,7,3,8,7,0,3,1,3,11
2467,1,2,1,3,2,1,1,2,10,2,64,8,4,5,6,1,3,1,2,11
2501,1,1,2,2,2,2,2,3,5,2,76,6,2,2,4,0,4,0,3,11
2560,1,2,2,3,1,3,2,2,6,2,47,8,,4,3,0,2,1,3,11
2645,1,2,2,2,1,1,1,1,10,2,38,6,4,7,7,1,2,1,2,11
2702,1,2,2,2,2,3,1,1,9,2,55,8,2,7,7,1,3,1,2,11
2709,1,1,1,1,1,1,2,3,10,2,77,9,2, ,7,0,4,1,3,11
2933,1,1,2,1,2,1,1,3,8,1,67,8,,6,5,1,4,1,2,11
1203,1,2,1,2,2,4,2,2,8,1,35,8,2,9,7,0,2,1,2,12
1264,1,2,3,3,1,1,2,3,8,2,49,6,3,7,7,0,2,0,2,12
1350,1,1,2,2,1,2,2,1,3,2,68,8,2, ,7,0,4,0,3,12
1392,1,2,2,2,1,2,1,1,8,2,69,6,2,10,7,1,4,0,2,12
1589,1,2,2,3,1,1,2,2,7,1,51,8,4,7,6,0,3,1,2,12
1738,1,1,1,2,2,1,2,2,8,1,33,8,4,6,7,0,1,0,2,12
1761,1,1,1,3,1,3,1,1,10,2,52,8,, ,6,1,3,1,2,12
1796,1,1,1,3,2,4,1,1,8,2,40,8,3,6,3,1,2,0,3,12
1936,1,2,1,3,3,3,2,2,10,1,64,7,2,7,7,0,3,0,2,12
2087,1,2,1,2,2,2,1,1,10,2,41,6,4,5,6,1,2,1,2,12
2117,1,1,3,2,2,1,2,2,1,2,33,8,5,2,6,0,1,0,2,12
2177,1,1,2,2,2,2,2,2,9,1,75,9,3,4,5,0,4,1,2,12
2203,1,1,2,2,,2,2,2,10,1,78,3,4,4,6,0,4,0,2,12
2736,1,1,2,3,1,1,1,2,9,2,55,9,2,7,7,1,3,0,2,12
2787,1,2,2,2,1,1,1,2,9,1,61,9,2,9,1,1,3,1,2,12
2913,1,1,1,3,1,3,2,2,9,2,37,7,4,4,3,0,2,1,2,12
1012,1,2,2,2,1,2,1,1,10,1,32,6,4,4,5,1,1,0,2,13
1373,1,1,1,2,2,4,1,2,8,2,57,8,3,4,1,1,3,1,3,13
1383,1,1,1,3,3,1,1,2,9,1,77,9,2,5,7,1,4,1,2,13
1538,1,2,2,4,2,2,2,2,7,1,22,8,3,7,5,0,1,1,1,13
2035,1,2,1,1,1,1,1,1,10,2,61,8,3,6,5,1,3,0,2,13
2473,1,2,2,2,1,1,1,2,8,1,37,9,2,10,7,1,2,1,1,13
2510,1,1,1,2,,3,2,2,9,2,78,8,2,7,3,0,4,0,2,13
2766,1,1,1,2,2,3,1,1,9,1,51,8,4,5,1,1,3,1,2,13
1033,1,1,1,2,1,2,2,1,6,1,,8,4,4,2,0, ,0,2,14
1066,1,1,2,1,1,1,1,1,9,1,61,7,2,7,1,1,3,1,2,14
1354,1,1,1,1,1,1,1,1,10,2,62,7,2, ,7,1,3,1,1,14
1384,1,1,2,2,2,1,2,2,8,2,54,9,3,9,7,0,3,1,2,14
1687,1,1,1,2,1,1,1,1,9,2,52,8,3,6,4,1,3,0,3,14
1991,1,2,2,3,2,3,2,2,5,2,45,8,3,7,5,0,2,0,2,14
2123,2,2,1,1,1,1,2,2,6,1,55,6,,5,7,0,3,1,3,14
2485,1,1,2,3,2,4,2,2,4,1,49,9,2,1,7,0,2,0, ,14
2505,1,1,1,2,2,1,1,1,10,2,54,9,3,3,4,1,3,1,3,14
2514,1,2,3,3,2,1,1,2,9,2,59,9,,10,5,1,3,1, ,14
2810,1,2,2,3,2,2,2,2,8,1,61,6,4,7,4,0,3,1,2,14
2837,1,1,1,4,2,2,1,1,10,2,26,9,2,10,1,1,1, ,2,14
1641,1,1,2,2,1,2,1,1,10,1,51,8,3,9,6,1,3,1,2,15
